song_name,n_hums,n_regulars,most_common_hum,song_release_date,album_name,song_art_image_url,song_pageviews,song_id,percent_hums,song_lyrics_url,song_annotation_count,artist_id,artist_name,artist_url,album_id,album_url
Young Lady (Ft. Father John Misty),0,329,NONE,2013-04-12,Indicud,https://images.genius.com/699f98c18a6750dc382068fbcdbc0236.1000x1000x1.jpg,168133,133891,0,https://genius.com/Kid-cudi-young-lady-lyrics,3,68,Kid Cudi,https://genius.com/artists/Kid-cudi,20193,https://genius.com/albums/Kid-cudi/Indicud
XX Intro Freestyle,0,2,NONE,2011-12-10,NA,https://images.genius.com/ed8110f936431abefe3f091051fc41df.518x518x1.jpg,NA,623713,0,https://genius.com/Kid-cudi-xx-intro-freestyle-lyrics,1,68,Kid Cudi,https://genius.com/artists/Kid-cudi,NA,NA
Wounds,13,176,hmmm,2016-12-16,"Passion, Pain & Demon Slayin’",https://images.genius.com/f8865356fee027178c8a101afce2f61a.1000x1000x1.png,54686,2867546,0.06878306878306878,https://genius.com/Kid-cudi-wounds-lyrics,3,68,Kid Cudi,https://genius.com/artists/Kid-cudi,152011,https://genius.com/albums/Kid-cudi/Passion-pain-demon-slayin
Worth,8,365,oh,2015-12-04,Speedin’ Bullet 2 Heaven,https://images.genius.com/854fa85e9ebd6f2af80c0040cdd56b2e.1000x1000x1.jpg,16803,2375556,0.021447721179624665,https://genius.com/Kid-cudi-worth-lyrics,0,68,Kid Cudi,https://genius.com/artists/Kid-cudi,128397,https://genius.com/albums/Kid-cudi/Speedin-bullet-2-heaven
Won't You Tell Me (Ft. Ricky Hil),0,254,NONE,2010-04-11,BUM ASS SHIT,https://images.genius.com/fa377065c33ec0db01d1514c5e4e2c70.300x300x1.jpg,NA,112533,0,https://genius.com/Kid-cudi-wont-you-tell-me-lyrics,0,68,Kid Cudi,https://genius.com/artists/Kid-cudi,554759,https://genius.com/albums/Casey-veggies-and-rich-hil/Bum-ass-shit
Wild'n Cuz I'm Young,0,573,NONE,2010-11-09,Man on the Moon II: The Legend of Mr. Rager,https://images.genius.com/14137476a886859359839ede660df307.1000x1000x1.jpg,62873,26056,0,https://genius.com/Kid-cudi-wildn-cuz-im-young-lyrics,9,68,Kid Cudi,https://genius.com/artists/Kid-cudi,4428,https://genius.com/albums/Kid-cudi/Man-on-the-moon-ii-the-legend-of-mr-rager
Whenever,0,268,NONE,2008-07-17,A Kid Named Cudi,https://images.genius.com/4fb504d5b4dda8a236c224bb1cc11e2a.800x800x1.jpg,29098,4107,0,https://genius.com/Kid-cudi-whenever-lyrics,1,68,Kid Cudi,https://genius.com/artists/Kid-cudi,4424,https://genius.com/albums/Kid-cudi/A-kid-named-cudi
Welcome To The World,0,310,NONE,NA,NA,https://images.genius.com/ed8110f936431abefe3f091051fc41df.518x518x1.jpg,NA,1831347,0,https://genius.com/Kid-cudi-welcome-to-the-world-lyrics,1,68,Kid Cudi,https://genius.com/artists/Kid-cudi,NA,NA
Wedding Tux,0,141,NONE,2015-12-04,Speedin’ Bullet 2 Heaven,https://images.genius.com/854fa85e9ebd6f2af80c0040cdd56b2e.1000x1000x1.jpg,37971,2321493,0,https://genius.com/Kid-cudi-wedding-tux-lyrics,2,68,Kid Cudi,https://genius.com/artists/Kid-cudi,128397,https://genius.com/albums/Kid-cudi/Speedin-bullet-2-heaven
We Aite (Wake Your Mind Up),7,84,hm,2010-11-09,Man on the Moon II: The Legend of Mr. Rager,https://images.genius.com/14137476a886859359839ede660df307.1000x1000x1.jpg,28088,26051,0.07692307692307693,https://genius.com/Kid-cudi-we-aite-wake-your-mind-up-lyrics,1,68,Kid Cudi,https://genius.com/artists/Kid-cudi,4428,https://genius.com/albums/Kid-cudi/Man-on-the-moon-ii-the-legend-of-mr-rager
WAIT! (Rehearsal Demo),0,100,NONE,2015-12-04,Speedin’ Bullet 2 Heaven,https://images.genius.com/854fa85e9ebd6f2af80c0040cdd56b2e.1000x1000x1.jpg,5914,2375552,0,https://genius.com/Kid-cudi-wait-rehearsal-demo-lyrics,0,68,Kid Cudi,https://genius.com/artists/Kid-cudi,128397,https://genius.com/albums/Kid-cudi/Speedin-bullet-2-heaven
Up Up & Away,1,525,hey,2009-09-15,Man on the Moon: The End of Day,https://images.genius.com/23da9eb13af7d717bed8f6bd5da7d419.1000x1000x1.png,193703,778,0.0019011406844106464,https://genius.com/Kid-cudi-up-up-and-away-lyrics,10,68,Kid Cudi,https://genius.com/artists/Kid-cudi,4427,https://genius.com/albums/Kid-cudi/Man-on-the-moon-the-end-of-day
Unfuckwittable,2,183,oh,2013-04-12,Indicud,https://images.genius.com/699f98c18a6750dc382068fbcdbc0236.1000x1000x1.jpg,192082,133890,0.010810810810810811,https://genius.com/Kid-cudi-unfuckwittable-lyrics,6,68,Kid Cudi,https://genius.com/artists/Kid-cudi,20193,https://genius.com/albums/Kid-cudi/Indicud
Twitter Rant (September 2016),0,265,NONE,2016-09-15,NA,https://images.genius.com/ed8110f936431abefe3f091051fc41df.518x518x1.jpg,NA,2858639,0,https://genius.com/Kid-cudi-twitter-rant-september-2016-annotated,1,68,Kid Cudi,https://genius.com/artists/Kid-cudi,NA,NA
Twitter Note 3 (2015),0,9,NONE,NA,NA,https://images.genius.com/ed8110f936431abefe3f091051fc41df.518x518x1.jpg,NA,2264089,0,https://genius.com/Kid-cudi-twitter-note-3-2015-annotated,1,68,Kid Cudi,https://genius.com/artists/Kid-cudi,NA,NA
Twitter Note 2 (2015),0,117,NONE,NA,NA,https://images.genius.com/ed8110f936431abefe3f091051fc41df.518x518x1.jpg,NA,2016613,0,https://genius.com/Kid-cudi-twitter-note-2-2015-annotated,1,68,Kid Cudi,https://genius.com/artists/Kid-cudi,NA,NA
Twitter Note (2015),0,15,NONE,NA,NA,https://images.genius.com/ed8110f936431abefe3f091051fc41df.518x518x1.jpg,NA,2016900,0,https://genius.com/Kid-cudi-twitter-note-2015-annotated,1,68,Kid Cudi,https://genius.com/artists/Kid-cudi,NA,NA
Troubled Boy,0,178,NONE,2014-02-25,KiD CuDi presents SATELLITE FLIGHT: The journey to Mother Moon,https://images.genius.com/f93aafaafd092a8bb9b2224aea7385f6.670x670x1.jpg,48012,369634,0,https://genius.com/Kid-cudi-troubled-boy-lyrics,8,68,Kid Cudi,https://genius.com/artists/Kid-cudi,67138,https://genius.com/albums/Kid-cudi/Kid-cudi-presents-satellite-flight-the-journey-to-mother-moon
Trippy (Ft. Ricky Hil),0,240,NONE,2010-01-01,NA,https://images.genius.com/ed8110f936431abefe3f091051fc41df.518x518x1.jpg,10744,51526,0,https://genius.com/Kid-cudi-trippy-lyrics,17,68,Kid Cudi,https://genius.com/artists/Kid-cudi,NA,NA
Tree (Ft. Wiz Khalifa),1,434,woah,NA,NA,https://images.genius.com/ed8110f936431abefe3f091051fc41df.518x518x1.jpg,9700,50591,0.0022988505747126436,https://genius.com/Kid-cudi-tree-lyrics,1,68,Kid Cudi,https://genius.com/artists/Kid-cudi,NA,NA
Trauma,0,109,NONE,2015-12-04,Speedin’ Bullet 2 Heaven,https://images.genius.com/854fa85e9ebd6f2af80c0040cdd56b2e.1000x1000x1.jpg,19671,2375551,0,https://genius.com/Kid-cudi-trauma-lyrics,2,68,Kid Cudi,https://genius.com/artists/Kid-cudi,128397,https://genius.com/albums/Kid-cudi/Speedin-bullet-2-heaven
Trapped in My Mind,39,339,oh,2010-11-09,Man on the Moon II: The Legend of Mr. Rager,https://images.genius.com/14137476a886859359839ede660df307.1000x1000x1.jpg,161019,3715,0.10317460317460317,https://genius.com/Kid-cudi-trapped-in-my-mind-lyrics,9,68,Kid Cudi,https://genius.com/artists/Kid-cudi,4428,https://genius.com/albums/Kid-cudi/Man-on-the-moon-ii-the-legend-of-mr-rager
Too Bad I Have To Destroy You Now,0,522,NONE,2014-02-25,KiD CuDi presents SATELLITE FLIGHT: The journey to Mother Moon,https://images.genius.com/f93aafaafd092a8bb9b2224aea7385f6.670x670x1.jpg,202581,369626,0,https://genius.com/Kid-cudi-too-bad-i-have-to-destroy-you-now-lyrics,15,68,Kid Cudi,https://genius.com/artists/Kid-cudi,67138,https://genius.com/albums/Kid-cudi/Kid-cudi-presents-satellite-flight-the-journey-to-mother-moon
To Da Top,0,533,NONE,NA,NA,https://images.genius.com/ed8110f936431abefe3f091051fc41df.518x518x1.jpg,NA,58737,0,https://genius.com/Kid-cudi-to-da-top-lyrics,1,68,Kid Cudi,https://genius.com/artists/Kid-cudi,NA,NA
Tim Westwood Freestyle,25,935,oh,NA,NA,https://images.genius.com/ed8110f936431abefe3f091051fc41df.518x518x1.jpg,17679,60962,0.026041666666666668,https://genius.com/Kid-cudi-tim-westwood-freestyle-lyrics,17,68,Kid Cudi,https://genius.com/artists/Kid-cudi,NA,NA
The Void,33,543,oh,2020-12-11,Man on the Moon III: The Chosen,https://images.genius.com/07a3deb92bfe7c78f95add89edc0e5ed.1000x1000x1.png,49025,6250778,0.057291666666666664,https://genius.com/Kid-cudi-the-void-lyrics,5,68,Kid Cudi,https://genius.com/artists/Kid-cudi,692902,https://genius.com/albums/Kid-cudi/Man-on-the-moon-iii-the-chosen
These Worries (Ft. Mary J. Blige),0,333,NONE,2010-11-09,Man on the Moon II: The Legend of Mr. Rager,https://images.genius.com/14137476a886859359839ede660df307.1000x1000x1.jpg,122137,3533,0,https://genius.com/Kid-cudi-these-worries-lyrics,6,68,Kid Cudi,https://genius.com/artists/Kid-cudi,4428,https://genius.com/albums/Kid-cudi/Man-on-the-moon-ii-the-legend-of-mr-rager
The Ruler and the Killer,8,368,hey,2012-03-16,The Hunger Games: Songs from District 12 and Beyond,https://images.genius.com/cb2cd9426d8a9ba42d0bd963c3948246.303x314x1.jpg,6340,68303,0.02127659574468085,https://genius.com/Kid-cudi-the-ruler-and-the-killer-lyrics,11,68,Kid Cudi,https://genius.com/artists/Kid-cudi,87979,https://genius.com/albums/Various-artists/The-hunger-games-songs-from-district-12-and-beyond
The Return of Chip Douglas (Demo),3,252,oh,2015-12-04,Speedin’ Bullet 2 Heaven,https://images.genius.com/854fa85e9ebd6f2af80c0040cdd56b2e.1000x1000x1.jpg,11662,2375550,0.011764705882352941,https://genius.com/Kid-cudi-the-return-of-chip-douglas-demo-lyrics,1,68,Kid Cudi,https://genius.com/artists/Kid-cudi,128397,https://genius.com/albums/Kid-cudi/Speedin-bullet-2-heaven
The Resurrection of Scott Mescudi,0,12,NONE,2013-04-12,Indicud,https://images.genius.com/699f98c18a6750dc382068fbcdbc0236.1000x1000x1.jpg,44740,133889,0,https://genius.com/Kid-cudi-the-resurrection-of-scott-mescudi-lyrics,2,68,Kid Cudi,https://genius.com/artists/Kid-cudi,20193,https://genius.com/albums/Kid-cudi/Indicud
The Rage,128,527,na,2018-04-13,Rampage (Original Motion Picture Soundtrack),https://images.genius.com/f4d2ec0f0f6affdb61e28bfb118a678a.1000x1000x1.jpg,42309,3646080,0.19541984732824427,https://genius.com/Kid-cudi-the-rage-lyrics,3,68,Kid Cudi,https://genius.com/artists/Kid-cudi,419298,https://genius.com/albums/Andrew-lockington/Rampage-original-motion-picture-soundtrack
The Prayer,4,377,hey,2008-07-17,A Kid Named Cudi,https://images.genius.com/4fb504d5b4dda8a236c224bb1cc11e2a.800x800x1.jpg,513782,1822,0.010498687664041995,https://genius.com/Kid-cudi-the-prayer-lyrics,3,68,Kid Cudi,https://genius.com/artists/Kid-cudi,4424,https://genius.com/albums/Kid-cudi/A-kid-named-cudi
The Pale Moonlight,34,393,nah,2020-12-11,Man on the Moon III: The Chosen,https://images.genius.com/07a3deb92bfe7c78f95add89edc0e5ed.1000x1000x1.png,27351,6250780,0.07962529274004684,https://genius.com/Kid-cudi-the-pale-moonlight-lyrics,3,68,Kid Cudi,https://genius.com/artists/Kid-cudi,692902,https://genius.com/albums/Kid-cudi/Man-on-the-moon-iii-the-chosen
The Nothing,0,120,NONE,2015-12-04,Speedin’ Bullet 2 Heaven,https://images.genius.com/854fa85e9ebd6f2af80c0040cdd56b2e.1000x1000x1.jpg,22675,2375538,0,https://genius.com/Kid-cudi-the-nothing-lyrics,1,68,Kid Cudi,https://genius.com/artists/Kid-cudi,128397,https://genius.com/albums/Kid-cudi/Speedin-bullet-2-heaven
The Mood,0,239,NONE,2010-11-09,Man on the Moon II: The Legend of Mr. Rager,https://images.genius.com/14137476a886859359839ede660df307.1000x1000x1.jpg,66837,2421,0,https://genius.com/Kid-cudi-the-mood-lyrics,2,68,Kid Cudi,https://genius.com/artists/Kid-cudi,4428,https://genius.com/albums/Kid-cudi/Man-on-the-moon-ii-the-legend-of-mr-rager
The Guide (Ft. André 3000),25,513,ooh,2016-12-16,"Passion, Pain & Demon Slayin’",https://images.genius.com/f8865356fee027178c8a101afce2f61a.1000x1000x1.png,81718,2867471,0.046468401486988845,https://genius.com/Kid-cudi-the-guide-lyrics,10,68,Kid Cudi,https://genius.com/artists/Kid-cudi,152011,https://genius.com/albums/Kid-cudi/Passion-pain-demon-slayin
"The End (Ft. GLC, King Chip & Nicole Wray)",3,655,hey,2010-11-09,Man on the Moon II: The Legend of Mr. Rager,https://images.genius.com/14137476a886859359839ede660df307.1000x1000x1.jpg,116352,1979,0.004559270516717325,https://genius.com/Kid-cudi-the-end-lyrics,8,68,Kid Cudi,https://genius.com/artists/Kid-cudi,4428,https://genius.com/albums/Kid-cudi/Man-on-the-moon-ii-the-legend-of-mr-rager
The Commander,34,380,ahh,2016-12-16,"Passion, Pain & Demon Slayin’",https://images.genius.com/f8865356fee027178c8a101afce2f61a.1000x1000x1.png,55604,2932618,0.0821256038647343,https://genius.com/Kid-cudi-the-commander-lyrics,4,68,Kid Cudi,https://genius.com/artists/Kid-cudi,152011,https://genius.com/albums/Kid-cudi/Passion-pain-demon-slayin
The Biggest Grinder,0,473,NONE,NA,NA,https://images.genius.com/ed8110f936431abefe3f091051fc41df.518x518x1.jpg,NA,136889,0,https://genius.com/Kid-cudi-the-biggest-grinder-lyrics,21,68,Kid Cudi,https://genius.com/artists/Kid-cudi,NA,NA
That Girl,7,144,oh,2009-12-11,A Kid Named Cudi,https://images.genius.com/d5cb36155378fcee8cb7fe60e4a7f394.770x770x1.jpg,29872,59271,0.046357615894039736,https://genius.com/Kid-cudi-that-girl-lyrics,1,68,Kid Cudi,https://genius.com/artists/Kid-cudi,4424,https://genius.com/albums/Kid-cudi/A-kid-named-cudi
T.G.I.F. (Ft. King Chip),5,424,ay,2008-07-17,A Kid Named Cudi,https://images.genius.com/4fb504d5b4dda8a236c224bb1cc11e2a.800x800x1.jpg,50664,2922,0.011655011655011656,https://genius.com/Kid-cudi-tgif-lyrics,0,68,Kid Cudi,https://genius.com/artists/Kid-cudi,4424,https://genius.com/albums/Kid-cudi/A-kid-named-cudi
Tequila Shots,28,451,hm,2020-12-11,Man on the Moon III: The Chosen,https://images.genius.com/07a3deb92bfe7c78f95add89edc0e5ed.1000x1000x1.png,72432,6250762,0.05845511482254697,https://genius.com/Kid-cudi-tequila-shots-lyrics,9,68,Kid Cudi,https://genius.com/artists/Kid-cudi,692902,https://genius.com/albums/Kid-cudi/Man-on-the-moon-iii-the-chosen
Takeover Freestyle,5,492,hey,2009-04-22,Dat Kid From Cleveland,https://images.genius.com/1296191c98641182cc6ae0378210daf7.1000x1000x1.png,NA,4791,0.01006036217303823,https://genius.com/Kid-cudi-takeover-freestyle-lyrics,1,68,Kid Cudi,https://genius.com/artists/Kid-cudi,19137,https://genius.com/albums/Kid-cudi/Dat-kid-from-cleveland
Switching Lanes,0,522,NONE,2009-04-22,Dat Kid From Cleveland,https://images.genius.com/1296191c98641182cc6ae0378210daf7.1000x1000x1.png,13461,2767,0,https://genius.com/Kid-cudi-switching-lanes-lyrics,1,68,Kid Cudi,https://genius.com/artists/Kid-cudi,19137,https://genius.com/albums/Kid-cudi/Dat-kid-from-cleveland
Swim in the Light,1,220,hmmm,2016-12-16,"Passion, Pain & Demon Slayin’",https://images.genius.com/f8865356fee027178c8a101afce2f61a.1000x1000x1.png,120127,2867504,0.004524886877828055,https://genius.com/Kid-cudi-swim-in-the-light-lyrics,4,68,Kid Cudi,https://genius.com/artists/Kid-cudi,152011,https://genius.com/albums/Kid-cudi/Passion-pain-demon-slayin
Surfin' (Ft. Pharrell Williams),47,854,aaa,2016-09-30,"Passion, Pain & Demon Slayin’",https://images.genius.com/23aff3418ecc0a9b60d36169beaf0a00.1000x1000x1.jpg,194014,2846383,0.05216426193118757,https://genius.com/Kid-cudi-surfin-lyrics,12,68,Kid Cudi,https://genius.com/artists/Kid-cudi,152011,https://genius.com/albums/Kid-cudi/Passion-pain-demon-slayin
Super Boo,0,471,NONE,2009-04-22,Dat Kid From Cleveland,https://images.genius.com/1296191c98641182cc6ae0378210daf7.1000x1000x1.png,12404,2413,0,https://genius.com/Kid-cudi-super-boo-lyrics,2,68,Kid Cudi,https://genius.com/artists/Kid-cudi,19137,https://genius.com/albums/Kid-cudi/Dat-kid-from-cleveland
Sunrise,3,450,hey,NA,Entergalactic,https://images.genius.com/9fabb84ec809cbf5e40551821fdb7582.600x600x1.png,NA,4479301,0.006622516556291391,https://genius.com/Kid-cudi-sunrise-lyrics,1,68,Kid Cudi,https://genius.com/artists/Kid-cudi,661351,https://genius.com/albums/Kid-cudi/Entergalactic
Stubborn*,0,33,NONE,NA,Entergalactic,https://images.genius.com/ed8110f936431abefe3f091051fc41df.518x518x1.jpg,NA,5412452,0,https://genius.com/Kid-cudi-stubborn-lyrics,1,68,Kid Cudi,https://genius.com/artists/Kid-cudi,661351,https://genius.com/albums/Kid-cudi/Entergalactic
Spontaneously Combust,1,759,nah,NA,Rap Hard,https://images.genius.com/0aab2c3a8fe65902dd9bea31a7460a32.706x706x1.png,NA,2438323,0.0013157894736842105,https://genius.com/Kid-cudi-spontaneously-combust-lyrics,2,68,Kid Cudi,https://genius.com/artists/Kid-cudi,13681,https://genius.com/albums/Kid-cudi/Rap-hard
Speedin' Bullet 2 Heaven (Acoustic Demo),10,223,hmm,2015-12-04,Speedin’ Bullet 2 Heaven,https://images.genius.com/854fa85e9ebd6f2af80c0040cdd56b2e.1000x1000x1.jpg,6905,2375554,0.04291845493562232,https://genius.com/Kid-cudi-speedin-bullet-2-heaven-acoustic-demo-lyrics,1,68,Kid Cudi,https://genius.com/artists/Kid-cudi,128397,https://genius.com/albums/Kid-cudi/Speedin-bullet-2-heaven
Speedin' Bullet 2 Heaven,6,223,oh,2015-12-01,Speedin’ Bullet 2 Heaven,https://images.rapgenius.com/8a5f1703cd5f7c771f875116e050fbe4.600x600x1.jpg,53804,2375547,0.026200873362445413,https://genius.com/Kid-cudi-speedin-bullet-2-heaven-lyrics,2,68,Kid Cudi,https://genius.com/artists/Kid-cudi,128397,https://genius.com/albums/Kid-cudi/Speedin-bullet-2-heaven
Soundtrack 2 My Life,0,578,NONE,2009-09-15,Man on the Moon: The End of Day,https://images.genius.com/23da9eb13af7d717bed8f6bd5da7d419.1000x1000x1.png,770259,402,0,https://genius.com/Kid-cudi-soundtrack-2-my-life-lyrics,19,68,Kid Cudi,https://genius.com/artists/Kid-cudi,4427,https://genius.com/albums/Kid-cudi/Man-on-the-moon-the-end-of-day
Solo Dolo Part II (Ft. Kendrick Lamar),2,474,mmm,2013-04-12,Indicud,https://images.genius.com/699f98c18a6750dc382068fbcdbc0236.1000x1000x1.jpg,225886,133894,0.004201680672268907,https://genius.com/Kid-cudi-solo-dolo-part-ii-lyrics,25,68,Kid Cudi,https://genius.com/artists/Kid-cudi,20193,https://genius.com/albums/Kid-cudi/Indicud
Solo Dolo (Nightmare),18,310,oh,2009-09-15,Man on the Moon: The End of Day,https://images.genius.com/23da9eb13af7d717bed8f6bd5da7d419.1000x1000x1.png,212447,26045,0.054878048780487805,https://genius.com/Kid-cudi-solo-dolo-nightmare-lyrics,10,68,Kid Cudi,https://genius.com/artists/Kid-cudi,4427,https://genius.com/albums/Kid-cudi/Man-on-the-moon-the-end-of-day
Sky Might Fall,39,478,ahh,2008-07-17,Dat Kid From Cleveland,https://images.genius.com/23da9eb13af7d717bed8f6bd5da7d419.1000x1000x1.png,117163,1156,0.07543520309477757,https://genius.com/Kid-cudi-sky-might-fall-lyrics,4,68,Kid Cudi,https://genius.com/artists/Kid-cudi,19137,https://genius.com/albums/Kid-cudi/Dat-kid-from-cleveland
Sky High,1,244,hey,2009-04-22,Dat Kid From Cleveland,https://images.genius.com/1296191c98641182cc6ae0378210daf7.1000x1000x1.png,5175,81247,0.004081632653061225,https://genius.com/Kid-cudi-sky-high-lyrics,3,68,Kid Cudi,https://genius.com/artists/Kid-cudi,19137,https://genius.com/albums/Kid-cudi/Dat-kid-from-cleveland
Skit - Jerry Maguire from Cleveland,0,222,NONE,NA,Dat Kid From Cleveland,https://images.genius.com/1296191c98641182cc6ae0378210daf7.1000x1000x1.png,NA,182604,0,https://genius.com/Kid-cudi-skit-jerry-maguire-from-cleveland-lyrics,1,68,Kid Cudi,https://genius.com/artists/Kid-cudi,19137,https://genius.com/albums/Kid-cudi/Dat-kid-from-cleveland
Skit - Foggy Glasses,1,101,oh,2009-04-22,Dat Kid From Cleveland,https://images.genius.com/1296191c98641182cc6ae0378210daf7.1000x1000x1.png,NA,182586,0.00980392156862745,https://genius.com/Kid-cudi-skit-foggy-glasses-lyrics,1,68,Kid Cudi,https://genius.com/artists/Kid-cudi,19137,https://genius.com/albums/Kid-cudi/Dat-kid-from-cleveland
Skit 1,8,304,oh,NA,Rap Hard,https://images.genius.com/0aab2c3a8fe65902dd9bea31a7460a32.706x706x1.png,NA,2988828,0.02564102564102564,https://genius.com/Kid-cudi-skit-1-lyrics,0,68,Kid Cudi,https://genius.com/artists/Kid-cudi,13681,https://genius.com/albums/Kid-cudi/Rap-hard
Simple As...,1,449,hmm,2009-09-15,Man on the Moon: The End of Day,https://images.genius.com/23da9eb13af7d717bed8f6bd5da7d419.1000x1000x1.png,99590,3342,0.0022222222222222222,https://genius.com/Kid-cudi-simple-as-lyrics,3,68,Kid Cudi,https://genius.com/artists/Kid-cudi,4427,https://genius.com/albums/Kid-cudi/Man-on-the-moon-the-end-of-day
Silent Fire,0,68,NONE,2015-11-09,Speedin’ Bullet 2 Heaven,https://images.genius.com/854fa85e9ebd6f2af80c0040cdd56b2e.1000x1000x1.jpg,NA,2363603,0,https://genius.com/Kid-cudi-silent-fire-annotated,2,68,Kid Cudi,https://genius.com/artists/Kid-cudi,128397,https://genius.com/albums/Kid-cudi/Speedin-bullet-2-heaven
She Knows This,77,474,mm,2020-12-11,Man on the Moon III: The Chosen,https://images.genius.com/07a3deb92bfe7c78f95add89edc0e5ed.1000x1000x1.png,56665,6250764,0.1397459165154265,https://genius.com/Kid-cudi-she-knows-this-lyrics,6,68,Kid Cudi,https://genius.com/artists/Kid-cudi,692902,https://genius.com/albums/Kid-cudi/Man-on-the-moon-iii-the-chosen
Shed A Little Light,0,480,NONE,NA,Rap Hard,https://images.genius.com/0aab2c3a8fe65902dd9bea31a7460a32.706x706x1.png,NA,166491,0,https://genius.com/Kid-cudi-shed-a-little-light-lyrics,1,68,Kid Cudi,https://genius.com/artists/Kid-cudi,13681,https://genius.com/albums/Kid-cudi/Rap-hard
Sept. 16,84,240,na,2020-12-11,Man on the Moon III: The Chosen,https://images.genius.com/07a3deb92bfe7c78f95add89edc0e5ed.1000x1000x1.png,45819,6250777,0.25925925925925924,https://genius.com/Kid-cudi-sept-16-lyrics,2,68,Kid Cudi,https://genius.com/artists/Kid-cudi,692902,https://genius.com/albums/Kid-cudi/Man-on-the-moon-iii-the-chosen
Screwed,8,77,ayy,2015-12-04,Speedin’ Bullet 2 Heaven,https://images.genius.com/854fa85e9ebd6f2af80c0040cdd56b2e.1000x1000x1.jpg,20289,2383396,0.09411764705882353,https://genius.com/Kid-cudi-screwed-lyrics,0,68,Kid Cudi,https://genius.com/artists/Kid-cudi,128397,https://genius.com/albums/Kid-cudi/Speedin-bullet-2-heaven
Scott Mescudi vs. the World (Ft. CeeLo Green),5,424,ayy,2010-11-09,Man on the Moon II: The Legend of Mr. Rager,https://images.genius.com/14137476a886859359839ede660df307.1000x1000x1.jpg,110703,1872,0.011655011655011656,https://genius.com/Kid-cudi-scott-mescudi-vs-the-world-lyrics,6,68,Kid Cudi,https://genius.com/artists/Kid-cudi,4428,https://genius.com/albums/Kid-cudi/Man-on-the-moon-ii-the-legend-of-mr-rager
Save My Soul (The Cudi Confession),2,297,oh,2008-07-17,A Kid Named Cudi,https://images.genius.com/4fb504d5b4dda8a236c224bb1cc11e2a.800x800x1.jpg,48367,26038,0.006688963210702341,https://genius.com/Kid-cudi-save-my-soul-the-cudi-confession-lyrics,1,68,Kid Cudi,https://genius.com/artists/Kid-cudi,4424,https://genius.com/albums/Kid-cudi/A-kid-named-cudi
Satellite Flight: The Journey to Mother Moon Album Art,0,54,NONE,NA,NA,https://images.genius.com/ed8110f936431abefe3f091051fc41df.518x518x1.jpg,11883,369652,0,https://genius.com/Kid-cudi-satellite-flight-the-journey-to-mother-moon-album-art-annotated,3,68,Kid Cudi,https://genius.com/artists/Kid-cudi,NA,NA
SATELLITE FLIGHT,0,376,NONE,2013-12-16,KiD CuDi presents SATELLITE FLIGHT: The journey to Mother Moon,https://images.rapgenius.com/39113c8c5219d66bc3d736ede26c291c.600x600x1.jpg,131139,304906,0,https://genius.com/Kid-cudi-satellite-flight-lyrics,9,68,Kid Cudi,https://genius.com/artists/Kid-cudi,67138,https://genius.com/albums/Kid-cudi/Kid-cudi-presents-satellite-flight-the-journey-to-mother-moon
Sad People,13,270,ahh,2020-12-11,Man on the Moon III: The Chosen,https://images.genius.com/07a3deb92bfe7c78f95add89edc0e5ed.1000x1000x1.png,39673,6250775,0.045936395759717315,https://genius.com/Kid-cudi-sad-people-lyrics,3,68,Kid Cudi,https://genius.com/artists/Kid-cudi,692902,https://genius.com/albums/Kid-cudi/Man-on-the-moon-iii-the-chosen
Rose Golden (Ft. WILLOW),59,501,na,2016-12-16,"Passion, Pain & Demon Slayin’",https://images.genius.com/f8865356fee027178c8a101afce2f61a.1000x1000x1.png,285109,2867524,0.10535714285714286,https://genius.com/Kid-cudi-rose-golden-lyrics,11,68,Kid Cudi,https://genius.com/artists/Kid-cudi,152011,https://genius.com/albums/Kid-cudi/Passion-pain-demon-slayin
REVOFEV,47,264,ooh,2010-11-09,Man on the Moon II: The Legend of Mr. Rager,https://images.genius.com/14137476a886859359839ede660df307.1000x1000x1.jpg,120465,1873,0.15112540192926044,https://genius.com/Kid-cudi-revofev-lyrics,1,68,Kid Cudi,https://genius.com/artists/Kid-cudi,4428,https://genius.com/albums/Kid-cudi/Man-on-the-moon-ii-the-legend-of-mr-rager
Releaser (Ft. Kacy Hill),32,117,hmm,2016-12-16,"Passion, Pain & Demon Slayin’",https://images.genius.com/f8865356fee027178c8a101afce2f61a.1000x1000x1.png,120395,2867508,0.21476510067114093,https://genius.com/Kid-cudi-releaser-lyrics,4,68,Kid Cudi,https://genius.com/artists/Kid-cudi,152011,https://genius.com/albums/Kid-cudi/Passion-pain-demon-slayin
Red Sabbath,1,313,oh,2015-12-04,Speedin’ Bullet 2 Heaven,https://images.genius.com/854fa85e9ebd6f2af80c0040cdd56b2e.1000x1000x1.jpg,16716,2375545,0.0031847133757961785,https://genius.com/Kid-cudi-red-sabbath-lyrics,1,68,Kid Cudi,https://genius.com/artists/Kid-cudi,128397,https://genius.com/albums/Kid-cudi/Speedin-bullet-2-heaven
Red Eye (Ft. HAIM),13,454,oh,2013-04-12,Indicud,https://images.genius.com/699f98c18a6750dc382068fbcdbc0236.1000x1000x1.jpg,165332,133893,0.027837259100642397,https://genius.com/Kid-cudi-red-eye-lyrics,3,68,Kid Cudi,https://genius.com/artists/Kid-cudi,20193,https://genius.com/albums/Kid-cudi/Indicud
Rap Hard (Intro),0,111,NONE,NA,Rap Hard,https://images.genius.com/0aab2c3a8fe65902dd9bea31a7460a32.706x706x1.png,NA,2956515,0,https://genius.com/Kid-cudi-rap-hard-intro-lyrics,1,68,Kid Cudi,https://genius.com/artists/Kid-cudi,13681,https://genius.com/albums/Kid-cudi/Rap-hard
Rainy Days,0,618,NONE,2011-11-21,NA,https://images.genius.com/ed8110f936431abefe3f091051fc41df.518x518x1.jpg,NA,4775396,0,https://genius.com/Kid-cudi-rainy-days-lyrics,1,68,Kid Cudi,https://genius.com/artists/Kid-cudi,NA,NA
Rain day,0,531,NONE,NA,NA,https://images.genius.com/ed8110f936431abefe3f091051fc41df.518x518x1.jpg,NA,83446,0,https://genius.com/Kid-cudi-rain-day-lyrics,1,68,Kid Cudi,https://genius.com/artists/Kid-cudi,NA,NA
Rain,0,601,NONE,2011-11-21,NA,https://images.genius.com/ed8110f936431abefe3f091051fc41df.518x518x1.jpg,31621,59583,0,https://genius.com/Kid-cudi-rain-lyrics,2,68,Kid Cudi,https://genius.com/artists/Kid-cudi,NA,NA
Pushing Niggas,2,494,nah,NA,Rap Hard,https://images.genius.com/0aab2c3a8fe65902dd9bea31a7460a32.706x706x1.png,NA,240255,0.004032258064516129,https://genius.com/Kid-cudi-pushing-niggas-lyrics,0,68,Kid Cudi,https://genius.com/artists/Kid-cudi,13681,https://genius.com/albums/Kid-cudi/Rap-hard
Pursuit of Happiness (Nightmare) (Ft. MGMT & Ratatat),25,382,oh,2009-09-15,Man on the Moon: The End of Day,https://images.genius.com/678a9114776c5da6b2e8acaa8c8d68a8.630x630x1.jpg,1001908,401,0.06142506142506143,https://genius.com/Kid-cudi-pursuit-of-happiness-nightmare-lyrics,13,68,Kid Cudi,https://genius.com/artists/Kid-cudi,4427,https://genius.com/albums/Kid-cudi/Man-on-the-moon-the-end-of-day
Pion [freestyle],3,482,oh,NA,NA,https://images.genius.com/ed8110f936431abefe3f091051fc41df.518x518x1.jpg,NA,49931,0.006185567010309278,https://genius.com/Kid-cudi-pion-freestyle-lyrics,0,68,Kid Cudi,https://genius.com/artists/Kid-cudi,NA,NA
Pimpin',0,408,NONE,NA,Rap Hard,https://images.genius.com/0aab2c3a8fe65902dd9bea31a7460a32.706x706x1.png,NA,61124,0,https://genius.com/Kid-cudi-pimpin-lyrics,0,68,Kid Cudi,https://genius.com/artists/Kid-cudi,13681,https://genius.com/albums/Kid-cudi/Rap-hard
Pillow Talk,2,247,ay,2008-07-17,A Kid Named Cudi,https://images.genius.com/4fb504d5b4dda8a236c224bb1cc11e2a.800x800x1.jpg,42320,5205,0.008032128514056224,https://genius.com/Kid-cudi-pillow-talk-lyrics,2,68,Kid Cudi,https://genius.com/artists/Kid-cudi,4424,https://genius.com/albums/Kid-cudi/A-kid-named-cudi
Perfect Is the Word (Ft. Dot Da Genius),2,126,nah,NA,NA,https://images.genius.com/ed8110f936431abefe3f091051fc41df.518x518x1.jpg,NA,50553,0.015625,https://genius.com/Kid-cudi-perfect-is-the-word-lyrics,1,68,Kid Cudi,https://genius.com/artists/Kid-cudi,NA,NA
Party All The Time,0,625,NONE,NA,Rap Hard,https://images.genius.com/0aab2c3a8fe65902dd9bea31a7460a32.706x706x1.png,NA,68371,0,https://genius.com/Kid-cudi-party-all-the-time-lyrics,1,68,Kid Cudi,https://genius.com/artists/Kid-cudi,13681,https://genius.com/albums/Kid-cudi/Rap-hard
Off The Top,4,344,oh,2008-05-05,NA,https://images.genius.com/ed8110f936431abefe3f091051fc41df.518x518x1.jpg,NA,444168,0.011494252873563218,https://genius.com/Kid-cudi-off-the-top-lyrics,1,68,Kid Cudi,https://genius.com/artists/Kid-cudi,NA,NA
No One Believes Me,0,131,NONE,2011-08-22,NA,https://images.genius.com/8f61686bc50bcef7866358987e6daa57.500x500x1.jpg,63892,54168,0,https://genius.com/Kid-cudi-no-one-believes-me-lyrics,3,68,Kid Cudi,https://genius.com/artists/Kid-cudi,NA,NA
Never Come Down,2,789,hey,NA,Unreleased Songs,https://images.genius.com/9fabb84ec809cbf5e40551821fdb7582.600x600x1.png,18530,50121,0.0025284450063211127,https://genius.com/Kid-cudi-never-come-down-lyrics,2,68,Kid Cudi,https://genius.com/artists/Kid-cudi,663777,https://genius.com/albums/Kid-cudi/Unreleased-songs
My World (Ft. Jeff Bhasker),9,462,ohh,2009-09-15,Man on the Moon: The End of Day,https://images.genius.com/23da9eb13af7d717bed8f6bd5da7d419.1000x1000x1.png,112611,2333,0.01910828025477707,https://genius.com/Kid-cudi-my-world-lyrics,6,68,Kid Cudi,https://genius.com/artists/Kid-cudi,4427,https://genius.com/albums/Kid-cudi/Man-on-the-moon-the-end-of-day
Mr. Solo Dolo III,25,436,oh,2020-12-11,Man on the Moon III: The Chosen,https://images.genius.com/07a3deb92bfe7c78f95add89edc0e5ed.1000x1000x1.png,50170,6250769,0.05422993492407809,https://genius.com/Kid-cudi-mr-solo-dolo-iii-lyrics,3,68,Kid Cudi,https://genius.com/artists/Kid-cudi,692902,https://genius.com/albums/Kid-cudi/Man-on-the-moon-iii-the-chosen
Mr. Rager,47,397,oh,2010-11-09,Man on the Moon II: The Legend of Mr. Rager,https://images.genius.com/14137476a886859359839ede660df307.1000x1000x1.jpg,431777,1687,0.10585585585585586,https://genius.com/Kid-cudi-mr-rager-lyrics,13,68,Kid Cudi,https://genius.com/artists/Kid-cudi,4428,https://genius.com/albums/Kid-cudi/Man-on-the-moon-ii-the-legend-of-mr-rager
Mr. K.I.D.,0,415,NONE,NA,NA,https://images.genius.com/ed8110f936431abefe3f091051fc41df.518x518x1.jpg,NA,59580,0,https://genius.com/Kid-cudi-mr-kid-lyrics,0,68,Kid Cudi,https://genius.com/artists/Kid-cudi,NA,NA
Mojo So Dope,28,470,oh,2010-11-09,Man on the Moon II: The Legend of Mr. Rager,https://images.genius.com/14137476a886859359839ede660df307.1000x1000x1.jpg,303106,1869,0.05622489959839357,https://genius.com/Kid-cudi-mojo-so-dope-lyrics,10,68,Kid Cudi,https://genius.com/artists/Kid-cudi,4428,https://genius.com/albums/Kid-cudi/Man-on-the-moon-ii-the-legend-of-mr-rager
MELTING,5,107,hey,2015-12-04,Speedin’ Bullet 2 Heaven,https://images.genius.com/854fa85e9ebd6f2af80c0040cdd56b2e.1000x1000x1.jpg,31846,2375557,0.044642857142857144,https://genius.com/Kid-cudi-melting-lyrics,1,68,Kid Cudi,https://genius.com/artists/Kid-cudi,128397,https://genius.com/albums/Kid-cudi/Speedin-bullet-2-heaven
Maybe,10,385,ahh,2010-11-09,Man on the Moon II: The Legend of Mr. Rager,https://images.genius.com/844e2cde0aa95d91ab7c9cb797f48990.640x640x1.jpg,23185,50124,0.02531645569620253,https://genius.com/Kid-cudi-maybe-lyrics,1,68,Kid Cudi,https://genius.com/artists/Kid-cudi,4428,https://genius.com/albums/Kid-cudi/Man-on-the-moon-ii-the-legend-of-mr-rager
Maui Wowie,2,362,hey,2008-07-17,A Kid Named Cudi,https://images.genius.com/4fb504d5b4dda8a236c224bb1cc11e2a.800x800x1.jpg,55712,26036,0.005494505494505495,https://genius.com/Kid-cudi-maui-wowie-lyrics,2,68,Kid Cudi,https://genius.com/artists/Kid-cudi,4424,https://genius.com/albums/Kid-cudi/A-kid-named-cudi
Mature Nature,9,169,hmm,2016-12-16,"Passion, Pain & Demon Slayin’",https://images.genius.com/f8865356fee027178c8a101afce2f61a.1000x1000x1.png,34735,2867550,0.05056179775280899,https://genius.com/Kid-cudi-mature-nature-lyrics,2,68,Kid Cudi,https://genius.com/artists/Kid-cudi,152011,https://genius.com/albums/Kid-cudi/Passion-pain-demon-slayin
Marijuana,30,334,oh,2010-11-09,Man on the Moon II: The Legend of Mr. Rager,https://images.genius.com/14137476a886859359839ede660df307.1000x1000x1.jpg,213411,1835,0.08241758241758242,https://genius.com/Kid-cudi-marijuana-lyrics,3,68,Kid Cudi,https://genius.com/artists/Kid-cudi,4428,https://genius.com/albums/Kid-cudi/Man-on-the-moon-ii-the-legend-of-mr-rager
Maple,5,86,oh,NA,NA,https://images.genius.com/ed8110f936431abefe3f091051fc41df.518x518x1.jpg,NA,4478734,0.054945054945054944,https://genius.com/Kid-cudi-maple-lyrics,1,68,Kid Cudi,https://genius.com/artists/Kid-cudi,NA,NA
Man on the Moon (The Anthem),4,453,hey,2008-07-17,A Kid Named Cudi,https://images.genius.com/4fb504d5b4dda8a236c224bb1cc11e2a.800x800x1.jpg,385817,1652,0.0087527352297593,https://genius.com/Kid-cudi-man-on-the-moon-the-anthem-lyrics,7,68,Kid Cudi,https://genius.com/artists/Kid-cudi,4424,https://genius.com/albums/Kid-cudi/A-kid-named-cudi
Man in the Night,10,420,oh,2015-12-04,Speedin’ Bullet 2 Heaven,https://images.genius.com/854fa85e9ebd6f2af80c0040cdd56b2e.1000x1000x1.jpg,30949,2375534,0.023255813953488372,https://genius.com/Kid-cudi-man-in-the-night-lyrics,1,68,Kid Cudi,https://genius.com/artists/Kid-cudi,128397,https://genius.com/albums/Kid-cudi/Speedin-bullet-2-heaven
MANIAC (Ft. Cage & St. Vincent),1,305,hey,2010-11-09,Man on the Moon II: The Legend of Mr. Rager,https://images.genius.com/14137476a886859359839ede660df307.1000x1000x1.jpg,143523,2741,0.0032679738562091504,https://genius.com/Kid-cudi-maniac-lyrics,2,68,Kid Cudi,https://genius.com/artists/Kid-cudi,4428,https://genius.com/albums/Kid-cudi/Man-on-the-moon-ii-the-legend-of-mr-rager
Make Her Say (I Poke Her Face) (Ft. Common & Kanye West),80,595,oh,2009-06-09,Dat Kid From Cleveland,https://images.genius.com/d5c7c90fc58965951da4af5a29cc5416.630x630x1.jpg,240211,404,0.11851851851851852,https://genius.com/Kid-cudi-make-her-say-i-poke-her-face-lyrics,15,68,Kid Cudi,https://genius.com/artists/Kid-cudi,19137,https://genius.com/albums/Kid-cudi/Dat-kid-from-cleveland
Mad Solar,1,445,oh,2013-04-12,Indicud,https://images.genius.com/699f98c18a6750dc382068fbcdbc0236.1000x1000x1.jpg,153548,133895,0.002242152466367713,https://genius.com/Kid-cudi-mad-solar-lyrics,8,68,Kid Cudi,https://genius.com/artists/Kid-cudi,20193,https://genius.com/albums/Kid-cudi/Indicud
Lovin' Me (Ft. Phoebe Bridgers),12,214,ah,2020-12-11,Man on the Moon III: The Chosen,https://images.genius.com/07a3deb92bfe7c78f95add89edc0e5ed.1000x1000x1.png,38137,6250779,0.05309734513274336,https://genius.com/Kid-cudi-lovin-me-lyrics,5,68,Kid Cudi,https://genius.com/artists/Kid-cudi,692902,https://genius.com/albums/Kid-cudi/Man-on-the-moon-iii-the-chosen
Love Stoned,24,301,ahh,NA,NA,https://images.genius.com/ed8110f936431abefe3f091051fc41df.518x518x1.jpg,9912,4930,0.07384615384615385,https://genius.com/Kid-cudi-love-stoned-lyrics,1,68,Kid Cudi,https://genius.com/artists/Kid-cudi,NA,NA
Love.,0,458,NONE,2015-03-03,NA,https://images.genius.com/ed8110f936431abefe3f091051fc41df.518x518x1.jpg,269274,716442,0,https://genius.com/Kid-cudi-love-lyrics,12,68,Kid Cudi,https://genius.com/artists/Kid-cudi,NA,NA
Lord of the Sad and Lonely,0,566,NONE,2013-04-12,Indicud,https://images.genius.com/699f98c18a6750dc382068fbcdbc0236.1000x1000x1.jpg,112647,133900,0,https://genius.com/Kid-cudi-lord-of-the-sad-and-lonely-lyrics,14,68,Kid Cudi,https://genius.com/artists/Kid-cudi,20193,https://genius.com/albums/Kid-cudi/Indicud
Lord I Know,7,393,ooh,2020-12-11,Man on the Moon III: The Chosen,https://images.genius.com/07a3deb92bfe7c78f95add89edc0e5ed.1000x1000x1.png,30608,6250783,0.0175,https://genius.com/Kid-cudi-lord-i-know-lyrics,4,68,Kid Cudi,https://genius.com/artists/Kid-cudi,692902,https://genius.com/albums/Kid-cudi/Man-on-the-moon-iii-the-chosen
Look Up In Da Stars (Ft. Wale),0,347,NONE,2009-04-22,Dat Kid From Cleveland,https://images.genius.com/1296191c98641182cc6ae0378210daf7.1000x1000x1.png,10072,49380,0,https://genius.com/Kid-cudi-look-up-in-da-stars-lyrics,4,68,Kid Cudi,https://genius.com/artists/Kid-cudi,19137,https://genius.com/albums/Kid-cudi/Dat-kid-from-cleveland
London Girls,0,256,NONE,NA,NA,https://images.genius.com/ed8110f936431abefe3f091051fc41df.518x518x1.jpg,NA,53743,0,https://genius.com/Kid-cudi-london-girls-lyrics,0,68,Kid Cudi,https://genius.com/artists/Kid-cudi,NA,NA
Leader of the Delinquents,7,519,mm,2020-04-14,NA,https://images.genius.com/85e759be0f7a55c48871321c94e3f7e4.1000x1000x1.png,96558,5448098,0.013307984790874524,https://genius.com/Kid-cudi-leader-of-the-delinquents-lyrics,15,68,Kid Cudi,https://genius.com/artists/Kid-cudi,NA,NA
Know Why,4,473,oh,NA,NA,https://images.genius.com/ed8110f936431abefe3f091051fc41df.518x518x1.jpg,11533,4859,0.008385744234800839,https://genius.com/Kid-cudi-know-why-lyrics,1,68,Kid Cudi,https://genius.com/artists/Kid-cudi,NA,NA
Kitchen (Ft. Jaden),29,340,hmm,2016-12-16,"Passion, Pain & Demon Slayin’",https://images.genius.com/f8865356fee027178c8a101afce2f61a.1000x1000x1.png,145677,2867559,0.07859078590785908,https://genius.com/Kid-cudi-kitchen-lyrics,3,68,Kid Cudi,https://genius.com/artists/Kid-cudi,152011,https://genius.com/albums/Kid-cudi/Passion-pain-demon-slayin
King Wizard,0,507,NONE,2012-12-17,Indicud,https://images.genius.com/6f3ec97c0fffdbf7f95c211f33c0f79a.600x600x1.jpg,376596,86939,0,https://genius.com/Kid-cudi-king-wizard-lyrics,2,68,Kid Cudi,https://genius.com/artists/Kid-cudi,20193,https://genius.com/albums/Kid-cudi/Indicud
Kid Cudi Geneseo Freestyle,0,2,NONE,2012-04-22,NA,https://images.genius.com/ed8110f936431abefe3f091051fc41df.518x518x1.jpg,NA,623720,0,https://genius.com/Kid-cudi-kid-cudi-geneseo-freestyle-lyrics,1,68,Kid Cudi,https://genius.com/artists/Kid-cudi,NA,NA
Kid Cudi Freestyle - 2009 XXL Freshman,0,288,NONE,2009-01-01,NA,https://images.genius.com/ed8110f936431abefe3f091051fc41df.518x518x1.jpg,NA,4655772,0,https://genius.com/Kid-cudi-kid-cudi-freestyle-2009-xxl-freshman-lyrics,0,68,Kid Cudi,https://genius.com/artists/Kid-cudi,NA,NA
Kid Cudi DJ Enuff Freestyle,0,410,NONE,NA,NA,https://images.genius.com/ed8110f936431abefe3f091051fc41df.518x518x1.jpg,NA,450495,0,https://genius.com/Kid-cudi-kid-cudi-dj-enuff-freestyle-lyrics,6,68,Kid Cudi,https://genius.com/artists/Kid-cudi,NA,NA
Just What I Am (Ft. King Chip),1,516,hm,2012-10-02,Indicud,https://images.genius.com/56dcad99efdaf894b78b8a9cecdf0a55.900x900x1.jpg,1208934,84641,0.0019342359767891683,https://genius.com/Kid-cudi-just-what-i-am-lyrics,22,68,Kid Cudi,https://genius.com/artists/Kid-cudi,20193,https://genius.com/albums/Kid-cudi/Indicud
Judgmental Cunt,4,173,hey,2015-10-03,Speedin’ Bullet 2 Heaven,https://images.genius.com/854fa85e9ebd6f2af80c0040cdd56b2e.1000x1000x1.jpg,38141,2321494,0.022598870056497175,https://genius.com/Kid-cudi-judgmental-cunt-lyrics,2,68,Kid Cudi,https://genius.com/artists/Kid-cudi,128397,https://genius.com/albums/Kid-cudi/Speedin-bullet-2-heaven
JFKPSA,1,250,hey,2015-08-06,NA,https://images.genius.com/a8ea86418a06ce797848a7dd271bee44.500x500x1.jpg,NA,2275993,0.00398406374501992,https://genius.com/Kid-cudi-jfkpsa-lyrics,6,68,Kid Cudi,https://genius.com/artists/Kid-cudi,NA,NA
Is There Any Love? (Ft. Wale),0,488,NONE,2008-07-17,A Kid Named Cudi,https://images.genius.com/4fb504d5b4dda8a236c224bb1cc11e2a.800x800x1.jpg,53673,2086,0,https://genius.com/Kid-cudi-is-there-any-love-lyrics,2,68,Kid Cudi,https://genius.com/artists/Kid-cudi,4424,https://genius.com/albums/Kid-cudi/A-kid-named-cudi
Intro (Dat Kid From Cleveland),2,92,hey,2009-04-22,Dat Kid From Cleveland,https://images.genius.com/1296191c98641182cc6ae0378210daf7.1000x1000x1.png,NA,2154080,0.02127659574468085,https://genius.com/Kid-cudi-intro-dat-kid-from-cleveland-lyrics,1,68,Kid Cudi,https://genius.com/artists/Kid-cudi,19137,https://genius.com/albums/Kid-cudi/Dat-kid-from-cleveland
Intro (A Kid Named Cudi),3,118,nah,2008-07-17,A Kid Named Cudi,https://images.genius.com/4fb504d5b4dda8a236c224bb1cc11e2a.800x800x1.jpg,NA,3952714,0.024793388429752067,https://genius.com/Kid-cudi-intro-a-kid-named-cudi-lyrics,1,68,Kid Cudi,https://genius.com/artists/Kid-cudi,4424,https://genius.com/albums/Kid-cudi/A-kid-named-cudi
Internal Bleeding,6,238,hey,2014-02-25,KiD CuDi presents SATELLITE FLIGHT: The journey to Mother Moon,https://images.genius.com/f93aafaafd092a8bb9b2224aea7385f6.670x670x1.jpg,69289,369629,0.02459016393442623,https://genius.com/Kid-cudi-internal-bleeding-lyrics,5,68,Kid Cudi,https://genius.com/artists/Kid-cudi,67138,https://genius.com/albums/Kid-cudi/Kid-cudi-presents-satellite-flight-the-journey-to-mother-moon
Interlude,0,129,NONE,NA,Rap Hard,https://images.genius.com/0aab2c3a8fe65902dd9bea31a7460a32.706x706x1.png,NA,2988832,0,https://genius.com/Kid-cudi-interlude-lyrics,0,68,Kid Cudi,https://genius.com/artists/Kid-cudi,13681,https://genius.com/albums/Kid-cudi/Rap-hard
Insides Out,21,103,oh,2015-12-04,Speedin’ Bullet 2 Heaven,https://images.genius.com/854fa85e9ebd6f2af80c0040cdd56b2e.1000x1000x1.jpg,14309,2375553,0.1693548387096774,https://genius.com/Kid-cudi-insides-out-lyrics,0,68,Kid Cudi,https://genius.com/artists/Kid-cudi,128397,https://genius.com/albums/Kid-cudi/Speedin-bullet-2-heaven
In My Dreams (Cudder Anthem),0,288,NONE,2009-09-15,Man on the Moon: The End of Day,https://images.genius.com/23da9eb13af7d717bed8f6bd5da7d419.1000x1000x1.png,98613,3714,0,https://genius.com/Kid-cudi-in-my-dreams-cudder-anthem-lyrics,2,68,Kid Cudi,https://genius.com/artists/Kid-cudi,4427,https://genius.com/albums/Kid-cudi/Man-on-the-moon-the-end-of-day
In My Dreams 2015,2,12,hey,2014-02-25,KiD CuDi presents SATELLITE FLIGHT: The journey to Mother Moon,https://images.genius.com/7744c4b88da50edf5469ffb3b498bdb9.1000x1000x1.jpg,24072,369632,0.14285714285714285,https://genius.com/Kid-cudi-in-my-dreams-2015-lyrics,3,68,Kid Cudi,https://genius.com/artists/Kid-cudi,67138,https://genius.com/albums/Kid-cudi/Kid-cudi-presents-satellite-flight-the-journey-to-mother-moon
I'm That,4,383,oh,NA,Rap Hard,https://images.genius.com/0aab2c3a8fe65902dd9bea31a7460a32.706x706x1.png,NA,2408260,0.0103359173126615,https://genius.com/Kid-cudi-im-that-lyrics,0,68,Kid Cudi,https://genius.com/artists/Kid-cudi,13681,https://genius.com/albums/Kid-cudi/Rap-hard
I'm Not the Average,4,537,oh,NA,Rap Hard,https://images.genius.com/0aab2c3a8fe65902dd9bea31a7460a32.706x706x1.png,5031,125405,0.0073937153419593345,https://genius.com/Kid-cudi-im-not-the-average-lyrics,2,68,Kid Cudi,https://genius.com/artists/Kid-cudi,13681,https://genius.com/albums/Kid-cudi/Rap-hard
Immortal,88,290,hmmm,2013-03-14,Indicud,https://images.genius.com/c3386ff460b47f648b1c6630fd54fdbb.500x500x1.jpg,333411,122383,0.2328042328042328,https://genius.com/Kid-cudi-immortal-lyrics,9,68,Kid Cudi,https://genius.com/artists/Kid-cudi,20193,https://genius.com/albums/Kid-cudi/Indicud
ILLusions,41,353,ohh,2016-12-16,"Passion, Pain & Demon Slayin’",https://images.genius.com/f8865356fee027178c8a101afce2f61a.1000x1000x1.png,88163,2867519,0.10406091370558376,https://genius.com/Kid-cudi-illusions-lyrics,5,68,Kid Cudi,https://genius.com/artists/Kid-cudi,152011,https://genius.com/albums/Kid-cudi/Passion-pain-demon-slayin
I Hear Them Calling Me (Ft. Lil B),0,434,NONE,2010-06-09,NA,https://images.genius.com/ed8110f936431abefe3f091051fc41df.518x518x1.jpg,16133,113895,0,https://genius.com/Kid-cudi-i-hear-them-calling-me-lyrics,0,68,Kid Cudi,https://genius.com/artists/Kid-cudi,NA,NA
I Get It In,0,337,NONE,NA,NA,https://images.genius.com/ed8110f936431abefe3f091051fc41df.518x518x1.jpg,NA,903045,0,https://genius.com/Kid-cudi-i-get-it-in-lyrics,1,68,Kid Cudi,https://genius.com/artists/Kid-cudi,NA,NA
I Do My Thing (Ft. Snoop Dogg),2,531,nah,2010-03-08,NA,https://images.genius.com/4d910a0540cab0ece493c3ac87eca0ba.750x750x1.jpg,18852,54301,0.00375234521575985,https://genius.com/Kid-cudi-i-do-my-thing-lyrics,1,68,Kid Cudi,https://genius.com/artists/Kid-cudi,NA,NA
I Be High,1,707,hey,NA,NA,https://images.genius.com/ed8110f936431abefe3f091051fc41df.518x518x1.jpg,23371,1509148,0.0014124293785310734,https://genius.com/Kid-cudi-i-be-high-lyrics,0,68,Kid Cudi,https://genius.com/artists/Kid-cudi,NA,NA
Hyyerr (Ft. King Chip),9,539,oh,2009-09-15,Man on the Moon: The End of Day,https://images.genius.com/23da9eb13af7d717bed8f6bd5da7d419.1000x1000x1.png,115612,2329,0.016423357664233577,https://genius.com/Kid-cudi-hyyerr-lyrics,8,68,Kid Cudi,https://genius.com/artists/Kid-cudi,4427,https://genius.com/albums/Kid-cudi/Man-on-the-moon-the-end-of-day
Highs N' Lows,0,707,NONE,2008-07-17,NA,https://images.genius.com/ed8110f936431abefe3f091051fc41df.518x518x1.jpg,37698,50991,0,https://genius.com/Kid-cudi-highs-n-lows-lyrics,4,68,Kid Cudi,https://genius.com/artists/Kid-cudi,NA,NA
Higher Up,0,216,NONE,2009-04-22,Dat Kid From Cleveland,https://images.genius.com/1296191c98641182cc6ae0378210daf7.1000x1000x1.png,15197,59401,0,https://genius.com/Kid-cudi-higher-up-lyrics,1,68,Kid Cudi,https://genius.com/artists/Kid-cudi,19137,https://genius.com/albums/Kid-cudi/Dat-kid-from-cleveland
Hero (Ft. Skylar Grey),1,231,oh,2014-03-11,Need For Speed (Original Motion Picture Soundtrack),https://images.genius.com/4665773264c3f3159572712c96fe5983.500x500x1.jpg,24071,379039,0.004310344827586207,https://genius.com/Kid-cudi-hero-lyrics,9,68,Kid Cudi,https://genius.com/artists/Kid-cudi,361246,https://genius.com/albums/Various-artists/Need-for-speed-original-motion-picture-soundtrack
Heaven on Earth,4,524,mm,2020-12-11,Man on the Moon III: The Chosen,https://images.genius.com/07a3deb92bfe7c78f95add89edc0e5ed.1000x1000x1.png,37181,6250767,0.007575757575757576,https://genius.com/Kid-cudi-heaven-on-earth-lyrics,1,68,Kid Cudi,https://genius.com/artists/Kid-cudi,692902,https://genius.com/albums/Kid-cudi/Man-on-the-moon-iii-the-chosen
Heaven at Nite,6,256,oh,2008-07-17,A Kid Named Cudi,https://images.genius.com/4fb504d5b4dda8a236c224bb1cc11e2a.800x800x1.jpg,58443,4052,0.022900763358778626,https://genius.com/Kid-cudi-heaven-at-nite-lyrics,2,68,Kid Cudi,https://genius.com/artists/Kid-cudi,4424,https://genius.com/albums/Kid-cudi/A-kid-named-cudi
Heart of a Lion (Kid Cudi Theme Music),0,639,NONE,2009-09-15,Man on the Moon: The End of Day,https://images.genius.com/23da9eb13af7d717bed8f6bd5da7d419.1000x1000x1.png,171592,431,0,https://genius.com/Kid-cudi-heart-of-a-lion-kid-cudi-theme-music-lyrics,9,68,Kid Cudi,https://genius.com/artists/Kid-cudi,4427,https://genius.com/albums/Kid-cudi/Man-on-the-moon-the-end-of-day
Handle with Care,2,300,oh,2015-12-04,Speedin’ Bullet 2 Heaven,https://images.genius.com/854fa85e9ebd6f2af80c0040cdd56b2e.1000x1000x1.jpg,53579,2375540,0.006622516556291391,https://genius.com/Kid-cudi-handle-with-care-lyrics,2,68,Kid Cudi,https://genius.com/artists/Kid-cudi,128397,https://genius.com/albums/Kid-cudi/Speedin-bullet-2-heaven
Goodbye,2,470,ahhhh,2016-06-24,NA,https://images.genius.com/9f350116bdcbbe6140e3d63706d893cb.500x500x1.jpg,20546,2673516,0.00423728813559322,https://genius.com/Kid-cudi-goodbye-lyrics,10,68,Kid Cudi,https://genius.com/artists/Kid-cudi,NA,NA
Going to the Ceremony,5,155,hmm,2014-02-25,KiD CuDi presents SATELLITE FLIGHT: The journey to Mother Moon,https://images.genius.com/f93aafaafd092a8bb9b2224aea7385f6.670x670x1.jpg,95538,182150,0.03125,https://genius.com/Kid-cudi-going-to-the-ceremony-lyrics,4,68,Kid Cudi,https://genius.com/artists/Kid-cudi,67138,https://genius.com/albums/Kid-cudi/Kid-cudi-presents-satellite-flight-the-journey-to-mother-moon
Girls (Ft. Too $hort),3,493,hmm,2013-04-02,Indicud,https://images.genius.com/699f98c18a6750dc382068fbcdbc0236.1000x1000x1.jpg,223697,128976,0.006048387096774193,https://genius.com/Kid-cudi-girls-lyrics,6,68,Kid Cudi,https://genius.com/artists/Kid-cudi,20193,https://genius.com/albums/Kid-cudi/Indicud
Ghost!,30,380,na,2010-11-09,Man on the Moon II: The Legend of Mr. Rager,https://images.genius.com/14137476a886859359839ede660df307.1000x1000x1.jpg,281923,2337,0.07317073170731707,https://genius.com/Kid-cudi-ghost-lyrics,9,68,Kid Cudi,https://genius.com/artists/Kid-cudi,4428,https://genius.com/albums/Kid-cudi/Man-on-the-moon-ii-the-legend-of-mr-rager
Get Ya Mind Correct,0,816,NONE,NA,Rap Hard,https://images.genius.com/0aab2c3a8fe65902dd9bea31a7460a32.706x706x1.png,NA,2429689,0,https://genius.com/Kid-cudi-get-ya-mind-correct-lyrics,0,68,Kid Cudi,https://genius.com/artists/Kid-cudi,13681,https://genius.com/albums/Kid-cudi/Rap-hard
Get It In,1,659,oh,NA,NA,https://images.genius.com/ed8110f936431abefe3f091051fc41df.518x518x1.jpg,NA,62850,0.0015151515151515152,https://genius.com/Kid-cudi-get-it-in-lyrics,0,68,Kid Cudi,https://genius.com/artists/Kid-cudi,NA,NA
Fuchsia Butterflies,6,207,oh,2015-12-04,Speedin’ Bullet 2 Heaven,https://images.genius.com/854fa85e9ebd6f2af80c0040cdd56b2e.1000x1000x1.jpg,32605,2383398,0.028169014084507043,https://genius.com/Kid-cudi-fuchsia-butterflies-lyrics,1,68,Kid Cudi,https://genius.com/artists/Kid-cudi,128397,https://genius.com/albums/Kid-cudi/Speedin-bullet-2-heaven
Frequency,5,304,hmm,2016-03-25,"Passion, Pain & Demon Slayin’",https://images.genius.com/23aff3418ecc0a9b60d36169beaf0a00.1000x1000x1.jpg,208657,2445357,0.016181229773462782,https://genius.com/Kid-cudi-frequency-lyrics,7,68,Kid Cudi,https://genius.com/artists/Kid-cudi,152011,https://genius.com/albums/Kid-cudi/Passion-pain-demon-slayin
Freestyle Jam (Ft. Asher Roth),9,1213,hey,2009-02-09,NA,https://images.genius.com/ed8110f936431abefe3f091051fc41df.518x518x1.jpg,NA,2395425,0.007364975450081833,https://genius.com/Kid-cudi-freestyle-jam-lyrics,1,68,Kid Cudi,https://genius.com/artists/Kid-cudi,NA,NA
Follow Me,4,155,oh,NA,NA,https://images.genius.com/ed8110f936431abefe3f091051fc41df.518x518x1.jpg,14474,6223,0.025157232704402517,https://genius.com/Kid-cudi-follow-me-lyrics,2,68,Kid Cudi,https://genius.com/artists/Kid-cudi,NA,NA
Flight at First Sight / Advanced (Ft. Pharrell Williams),64,616,bmm,2016-12-16,"Passion, Pain & Demon Slayin’",https://images.genius.com/f8865356fee027178c8a101afce2f61a.1000x1000x1.png,55417,2867465,0.09411764705882353,https://genius.com/Kid-cudi-flight-at-first-sight-advanced-lyrics,3,68,Kid Cudi,https://genius.com/artists/Kid-cudi,152011,https://genius.com/albums/Kid-cudi/Passion-pain-demon-slayin
Falling Star,0,152,NONE,NA,NA,https://images.genius.com/ed8110f936431abefe3f091051fc41df.518x518x1.jpg,29071,58388,0,https://genius.com/Kid-cudi-falling-star-lyrics,1,68,Kid Cudi,https://genius.com/artists/Kid-cudi,NA,NA
Fairy Tale Remains,1,258,oh,2015-12-04,Speedin’ Bullet 2 Heaven,https://images.genius.com/854fa85e9ebd6f2af80c0040cdd56b2e.1000x1000x1.jpg,18937,2375543,0.003861003861003861,https://genius.com/Kid-cudi-fairy-tale-remains-lyrics,1,68,Kid Cudi,https://genius.com/artists/Kid-cudi,128397,https://genius.com/albums/Kid-cudi/Speedin-bullet-2-heaven
Fade 2 Red,1,221,oh,2015-12-04,Speedin’ Bullet 2 Heaven,https://images.genius.com/854fa85e9ebd6f2af80c0040cdd56b2e.1000x1000x1.jpg,18415,2375536,0.0045045045045045045,https://genius.com/Kid-cudi-fade-2-red-lyrics,1,68,Kid Cudi,https://genius.com/artists/Kid-cudi,128397,https://genius.com/albums/Kid-cudi/Speedin-bullet-2-heaven
Excuse My Mood,1,246,ah,2009-06-16,NA,https://images.genius.com/ed8110f936431abefe3f091051fc41df.518x518x1.jpg,NA,2894773,0.004048582995951417,https://genius.com/Kid-cudi-excuse-my-mood-lyrics,0,68,Kid Cudi,https://genius.com/artists/Kid-cudi,NA,NA
Erase Me (Ft. Kanye West),4,412,hmm,2010-11-09,Man on the Moon II: The Legend of Mr. Rager,https://images.genius.com/a6bf806f28ecd7f3d665dd7ad5abc8b6.475x475x1.jpg,432718,621,0.009615384615384616,https://genius.com/Kid-cudi-erase-me-lyrics,4,68,Kid Cudi,https://genius.com/artists/Kid-cudi,4428,https://genius.com/albums/Kid-cudi/Man-on-the-moon-ii-the-legend-of-mr-rager
Enter Galactic (Love Connection Part I),2,494,ay,2009-09-15,Man on the Moon: The End of Day,https://images.genius.com/23da9eb13af7d717bed8f6bd5da7d419.1000x1000x1.png,133222,51716,0.004032258064516129,https://genius.com/Kid-cudi-enter-galactic-love-connection-part-i-lyrics,3,68,Kid Cudi,https://genius.com/artists/Kid-cudi,4427,https://genius.com/albums/Kid-cudi/Man-on-the-moon-the-end-of-day
Embers,0,209,NONE,2015-12-04,Speedin’ Bullet 2 Heaven,https://images.genius.com/854fa85e9ebd6f2af80c0040cdd56b2e.1000x1000x1.jpg,30751,2383403,0,https://genius.com/Kid-cudi-embers-lyrics,3,68,Kid Cudi,https://genius.com/artists/Kid-cudi,128397,https://genius.com/albums/Kid-cudi/Speedin-bullet-2-heaven
Elsie’s Baby Boy (flashback),0,275,NONE,2020-12-11,Man on the Moon III: The Chosen,https://images.genius.com/07a3deb92bfe7c78f95add89edc0e5ed.1000x1000x1.png,43201,6250776,0,https://genius.com/Kid-cudi-elsies-baby-boy-flashback-lyrics,7,68,Kid Cudi,https://genius.com/artists/Kid-cudi,692902,https://genius.com/albums/Kid-cudi/Man-on-the-moon-iii-the-chosen
Edge of the Earth / Post Mortem Boredom,41,215,na,2015-12-04,Speedin’ Bullet 2 Heaven,https://images.genius.com/854fa85e9ebd6f2af80c0040cdd56b2e.1000x1000x1.jpg,59019,2383401,0.16015625,https://genius.com/Kid-cudi-edge-of-the-earth-post-mortem-boredom-lyrics,2,68,Kid Cudi,https://genius.com/artists/Kid-cudi,128397,https://genius.com/albums/Kid-cudi/Speedin-bullet-2-heaven
Drop (Freestyle),0,380,NONE,NA,NA,https://images.genius.com/ed8110f936431abefe3f091051fc41df.518x518x1.jpg,NA,173961,0,https://genius.com/Kid-cudi-drop-freestyle-lyrics,20,68,Kid Cudi,https://genius.com/artists/Kid-cudi,NA,NA
"Drake Diss, ""Money, Cash, Hoes Needs to be Deaded"" [Arsenio Hall Appearance]",1,271,oh,NA,NA,https://images.genius.com/ed8110f936431abefe3f091051fc41df.518x518x1.jpg,NA,383508,0.003676470588235294,https://genius.com/Kid-cudi-drake-diss-money-cash-hoes-needs-to-be-deaded-arsenio-hall-appearance-annotated,5,68,Kid Cudi,https://genius.com/artists/Kid-cudi,NA,NA
Down Out,5,596,hey,2008-07-17,A Kid Named Cudi,https://images.genius.com/4fb504d5b4dda8a236c224bb1cc11e2a.800x800x1.jpg,95894,6347,0.008319467554076539,https://genius.com/Kid-cudi-down-out-lyrics,3,68,Kid Cudi,https://genius.com/artists/Kid-cudi,4424,https://genius.com/albums/Kid-cudi/A-kid-named-cudi
Do What I Want,13,257,hm,NA,Entergalactic,https://images.genius.com/ed8110f936431abefe3f091051fc41df.518x518x1.jpg,NA,5469854,0.04814814814814815,https://genius.com/Kid-cudi-do-what-i-want-lyrics,3,68,Kid Cudi,https://genius.com/artists/Kid-cudi,661351,https://genius.com/albums/Kid-cudi/Entergalactic
Dose of Dopeness,12,535,oh,2012-02-20,NA,https://images.genius.com/296e117412a63a5584236cdc71e8dccd.1000x1000x1.jpg,72182,65293,0.021937842778793418,https://genius.com/Kid-cudi-dose-of-dopeness-lyrics,4,68,Kid Cudi,https://genius.com/artists/Kid-cudi,NA,NA
Don't Play This Song (Ft. Mary J. Blige),21,515,ooh,2010-11-09,Man on the Moon II: The Legend of Mr. Rager,https://images.genius.com/14137476a886859359839ede660df307.1000x1000x1.jpg,133750,2330,0.03917910447761194,https://genius.com/Kid-cudi-dont-play-this-song-lyrics,8,68,Kid Cudi,https://genius.com/artists/Kid-cudi,4428,https://genius.com/albums/Kid-cudi/Man-on-the-moon-ii-the-legend-of-mr-rager
Does It,24,661,oh,2016-12-16,"Passion, Pain & Demon Slayin’",https://images.genius.com/f8865356fee027178c8a101afce2f61a.1000x1000x1.png,60184,2867528,0.035036496350364967,https://genius.com/Kid-cudi-does-it-lyrics,10,68,Kid Cudi,https://genius.com/artists/Kid-cudi,152011,https://genius.com/albums/Kid-cudi/Passion-pain-demon-slayin
Dive,33,249,ayy,2020-12-11,Man on the Moon III: The Chosen,https://images.genius.com/07a3deb92bfe7c78f95add89edc0e5ed.1000x1000x1.png,38779,6250765,0.11702127659574468,https://genius.com/Kid-cudi-dive-lyrics,5,68,Kid Cudi,https://genius.com/artists/Kid-cudi,692902,https://genius.com/albums/Kid-cudi/Man-on-the-moon-iii-the-chosen
Distant Fantasies,9,546,mmm,2016-12-16,"Passion, Pain & Demon Slayin’",https://images.genius.com/f8865356fee027178c8a101afce2f61a.1000x1000x1.png,61650,2867539,0.016216216216216217,https://genius.com/Kid-cudi-distant-fantasies-lyrics,4,68,Kid Cudi,https://genius.com/artists/Kid-cudi,152011,https://genius.com/albums/Kid-cudi/Passion-pain-demon-slayin
Did You Get It,31,522,na,2010-09-01,Lime Light Exclusives 3,https://images.genius.com/ed8110f936431abefe3f091051fc41df.518x518x1.jpg,NA,57743,0.05605786618444846,https://genius.com/Kid-cudi-did-you-get-it-lyrics,0,68,Kid Cudi,https://genius.com/artists/Kid-cudi,564537,https://genius.com/albums/Various-artists/Lime-light-exclusives-3
"Dennis, Hook Me Up with Some More of That Whiskey!",1,377,ay,2012-04-25,NA,https://images.genius.com/97c862185b920d8a9bd0566ff070e020.500x500x1.jpg,53169,72408,0.0026455026455026454,https://genius.com/Kid-cudi-dennis-hook-me-up-with-some-more-of-that-whiskey-lyrics,7,68,Kid Cudi,https://genius.com/artists/Kid-cudi,NA,NA
Day ‘N’ Nite (Nightmare),6,443,na,2008-02-05,A Kid Named Cudi,https://images.genius.com/be356deab94c00491791293219ef02a5.1000x1000x1.jpg,813800,131,0.013363028953229399,https://genius.com/Kid-cudi-day-n-nite-nightmare-lyrics,10,68,Kid Cudi,https://genius.com/artists/Kid-cudi,4424,https://genius.com/albums/Kid-cudi/A-kid-named-cudi
Day 'n' Nite (main),6,522,na,NA,NA,https://images.genius.com/ed8110f936431abefe3f091051fc41df.518x518x1.jpg,10947,1355471,0.011363636363636364,https://genius.com/Kid-cudi-day-n-nite-main-lyrics,1,68,Kid Cudi,https://genius.com/artists/Kid-cudi,NA,NA
"Dat New ""New""",0,607,NONE,2008-12-01,NA,https://images.genius.com/ebcb77757c612f25684d71737b331002.600x600x1.jpg,153707,831,0,https://genius.com/Kid-cudi-dat-new-new-lyrics,6,68,Kid Cudi,https://genius.com/artists/Kid-cudi,NA,NA
Darkness Be Rising,5,319,ah,NA,NA,https://images.genius.com/ed8110f936431abefe3f091051fc41df.518x518x1.jpg,12821,90897,0.015432098765432098,https://genius.com/Kid-cudi-darkness-be-rising-lyrics,1,68,Kid Cudi,https://genius.com/artists/Kid-cudi,NA,NA
Daps and Pounds,1,503,oh,2009-04-22,Dat Kid From Cleveland,https://images.genius.com/1296191c98641182cc6ae0378210daf7.1000x1000x1.png,13430,4261,0.001984126984126984,https://genius.com/Kid-cudi-daps-and-pounds-lyrics,2,68,Kid Cudi,https://genius.com/artists/Kid-cudi,19137,https://genius.com/albums/Kid-cudi/Dat-kid-from-cleveland
Dangerous (Ft. Ricky Hil),6,471,oh,NA,NA,https://images.genius.com/ed8110f936431abefe3f091051fc41df.518x518x1.jpg,NA,51851,0.012578616352201259,https://genius.com/Kid-cudi-dangerous-lyrics,1,68,Kid Cudi,https://genius.com/artists/Kid-cudi,NA,NA
Dance 4 Eternity,14,275,hmm,2016-12-16,"Passion, Pain & Demon Slayin’",https://images.genius.com/f8865356fee027178c8a101afce2f61a.1000x1000x1.png,56504,2867534,0.04844290657439446,https://genius.com/Kid-cudi-dance-4-eternity-lyrics,1,68,Kid Cudi,https://genius.com/artists/Kid-cudi,152011,https://genius.com/albums/Kid-cudi/Passion-pain-demon-slayin
Damaged,9,398,hey,2020-12-11,Man on the Moon III: The Chosen,https://images.genius.com/07a3deb92bfe7c78f95add89edc0e5ed.1000x1000x1.png,38099,6250766,0.022113022113022112,https://genius.com/Kid-cudi-damaged-lyrics,4,68,Kid Cudi,https://genius.com/artists/Kid-cudi,692902,https://genius.com/albums/Kid-cudi/Man-on-the-moon-iii-the-chosen
Cudi Zone,1,571,nah,2009-09-15,Man on the Moon: The End of Day,https://images.genius.com/23da9eb13af7d717bed8f6bd5da7d419.1000x1000x1.png,233906,1079,0.0017482517482517483,https://genius.com/Kid-cudi-cudi-zone-lyrics,9,68,Kid Cudi,https://genius.com/artists/Kid-cudi,4427,https://genius.com/albums/Kid-cudi/Man-on-the-moon-the-end-of-day
Cuditastic (Freestyle) (Ft. Peter Rosenberg),14,588,ay,NA,NA,https://images.genius.com/ed8110f936431abefe3f091051fc41df.518x518x1.jpg,NA,2893188,0.023255813953488372,https://genius.com/Kid-cudi-cuditastic-freestyle-lyrics,1,68,Kid Cudi,https://genius.com/artists/Kid-cudi,NA,NA
CuDi Spazzin',1,482,hey,2008-07-17,A Kid Named Cudi,https://images.genius.com/4fb504d5b4dda8a236c224bb1cc11e2a.800x800x1.jpg,23153,26037,0.002070393374741201,https://genius.com/Kid-cudi-cudi-spazzin-lyrics,12,68,Kid Cudi,https://genius.com/artists/Kid-cudi,4424,https://genius.com/albums/Kid-cudi/A-kid-named-cudi
Cudi Get,0,365,NONE,2008-07-17,A Kid Named Cudi,https://images.genius.com/4fb504d5b4dda8a236c224bb1cc11e2a.800x800x1.jpg,28719,26039,0,https://genius.com/Kid-cudi-cudi-get-lyrics,3,68,Kid Cudi,https://genius.com/artists/Kid-cudi,4424,https://genius.com/albums/Kid-cudi/A-kid-named-cudi
CudderIsBack,7,388,hey,2010-01-26,NA,https://images.genius.com/ed8110f936431abefe3f091051fc41df.518x518x1.jpg,103403,2826,0.017721518987341773,https://genius.com/Kid-cudi-cudderisback-lyrics,8,68,Kid Cudi,https://genius.com/artists/Kid-cudi,NA,NA
Cruisin' (In the Evening) (Ft. In-Doe),2,480,hey,NA,NA,https://images.genius.com/ed8110f936431abefe3f091051fc41df.518x518x1.jpg,NA,114556,0.004149377593360996,https://genius.com/Kid-cudi-cruisin-in-the-evening-lyrics,0,68,Kid Cudi,https://genius.com/artists/Kid-cudi,NA,NA
Creepers,2,374,hey,2012-09-14,Kanye West Presents Good Music Cruel Summer,https://images.genius.com/a73a620b2147a174491b493808139666.1000x1000x1.png,295274,76917,0.005319148936170213,https://genius.com/Kid-cudi-creepers-lyrics,5,68,Kid Cudi,https://genius.com/artists/Kid-cudi,109923,https://genius.com/albums/Kanye-west/Kanye-west-presents-good-music-cruel-summer
Cosmic Warrior,11,183,mmmm,2016-12-16,"Passion, Pain & Demon Slayin’",https://images.genius.com/f8865356fee027178c8a101afce2f61a.1000x1000x1.png,48612,2867557,0.05670103092783505,https://genius.com/Kid-cudi-cosmic-warrior-lyrics,3,68,Kid Cudi,https://genius.com/artists/Kid-cudi,152011,https://genius.com/albums/Kid-cudi/Passion-pain-demon-slayin
Copernicus Landing,0,75,NONE,2014-02-25,KiD CuDi presents SATELLITE FLIGHT: The journey to Mother Moon,https://images.genius.com/f93aafaafd092a8bb9b2224aea7385f6.670x670x1.jpg,27642,369644,0,https://genius.com/Kid-cudi-copernicus-landing-lyrics,1,68,Kid Cudi,https://genius.com/artists/Kid-cudi,67138,https://genius.com/albums/Kid-cudi/Kid-cudi-presents-satellite-flight-the-journey-to-mother-moon
CONFUSED!,2,317,ah,2015-08-01,Speedin’ Bullet 2 Heaven,https://images.rapgenius.com/ea7c6ef11bfafe965d1fe874b1949ca3.499x500x1.png,136377,2269754,0.006269592476489028,https://genius.com/Kid-cudi-confused-lyrics,5,68,Kid Cudi,https://genius.com/artists/Kid-cudi,128397,https://genius.com/albums/Kid-cudi/Speedin-bullet-2-heaven
Come Around,10,506,oh,2009-01-01,NA,https://images.genius.com/ed8110f936431abefe3f091051fc41df.518x518x1.jpg,7717,58148,0.01937984496124031,https://genius.com/Kid-cudi-come-around-lyrics,1,68,Kid Cudi,https://genius.com/artists/Kid-cudi,NA,NA
Cold Blooded,3,369,oh,2013-04-12,Indicud,https://images.genius.com/699f98c18a6750dc382068fbcdbc0236.1000x1000x1.jpg,130104,133901,0.008064516129032258,https://genius.com/Kid-cudi-cold-blooded-lyrics,8,68,Kid Cudi,https://genius.com/artists/Kid-cudi,20193,https://genius.com/albums/Kid-cudi/Indicud
Cleveland is the Reason,20,459,oh,2008-07-17,A Kid Named Cudi,https://images.genius.com/4fb504d5b4dda8a236c224bb1cc11e2a.800x800x1.jpg,77583,4997,0.04175365344467641,https://genius.com/Kid-cudi-cleveland-is-the-reason-lyrics,5,68,Kid Cudi,https://genius.com/artists/Kid-cudi,4424,https://genius.com/albums/Kid-cudi/A-kid-named-cudi
Change (Outro),0,109,NONE,NA,NA,https://images.genius.com/ed8110f936431abefe3f091051fc41df.518x518x1.jpg,NA,4311297,0,https://genius.com/Kid-cudi-change-outro-lyrics,1,68,Kid Cudi,https://genius.com/artists/Kid-cudi,NA,NA
Champions (Ft. Trippie Redd),0,1,NONE,NA,NA,https://images.genius.com/ed8110f936431abefe3f091051fc41df.518x518x1.jpg,NA,5228388,0,https://genius.com/Kid-cudi-champions-lyrics,0,68,Kid Cudi,https://genius.com/artists/Kid-cudi,NA,NA
Capcom,0,379,NONE,NA,NA,https://images.genius.com/ed8110f936431abefe3f091051fc41df.518x518x1.jpg,NA,6180,0,https://genius.com/Kid-cudi-capcom-lyrics,2,68,Kid Cudi,https://genius.com/artists/Kid-cudi,NA,NA
Can't Look In My Eyes (Ft. Kanye West),10,731,hmmm,2016-10-03,NA,https://images.genius.com/ed8110f936431abefe3f091051fc41df.518x518x1.jpg,35769,2870350,0.01349527665317139,https://genius.com/Kid-cudi-cant-look-in-my-eyes-lyrics,4,68,Kid Cudi,https://genius.com/artists/Kid-cudi,NA,NA
Can I Be,0,315,NONE,2009-04-20,Dat Kid From Cleveland,https://images.genius.com/1296191c98641182cc6ae0378210daf7.1000x1000x1.png,NA,145660,0,https://genius.com/Kid-cudi-can-i-be-lyrics,2,68,Kid Cudi,https://genius.com/artists/Kid-cudi,19137,https://genius.com/albums/Kid-cudi/Dat-kid-from-cleveland
Call Me Moon Man,1,324,oh,NA,NA,https://images.genius.com/ed8110f936431abefe3f091051fc41df.518x518x1.jpg,7561,4926,0.003076923076923077,https://genius.com/Kid-cudi-call-me-moon-man-lyrics,8,68,Kid Cudi,https://genius.com/artists/Kid-cudi,NA,NA
By Design (Ft. André 3000),15,587,oooh,2016-12-16,"Passion, Pain & Demon Slayin’",https://images.genius.com/f8865356fee027178c8a101afce2f61a.1000x1000x1.png,346442,2867466,0.024916943521594685,https://genius.com/Kid-cudi-by-design-lyrics,15,68,Kid Cudi,https://genius.com/artists/Kid-cudi,152011,https://genius.com/albums/Kid-cudi/Passion-pain-demon-slayin
Burn Baby Burn,5,405,oh,2013-04-12,Indicud,https://images.genius.com/699f98c18a6750dc382068fbcdbc0236.1000x1000x1.jpg,94646,133899,0.012195121951219513,https://genius.com/Kid-cudi-burn-baby-burn-lyrics,6,68,Kid Cudi,https://genius.com/artists/Kid-cudi,20193,https://genius.com/albums/Kid-cudi/Indicud
Brothers (Ft. A$AP Rocky & King Chip),26,728,hey,2013-04-12,Indicud,https://images.genius.com/699f98c18a6750dc382068fbcdbc0236.1000x1000x1.jpg,245353,133898,0.034482758620689655,https://genius.com/Kid-cudi-brothers-lyrics,17,68,Kid Cudi,https://genius.com/artists/Kid-cudi,20193,https://genius.com/albums/Kid-cudi/Indicud
Bigger Than You (Do It Alone),1,298,hey,NA,NA,https://images.genius.com/ed8110f936431abefe3f091051fc41df.518x518x1.jpg,72396,50115,0.0033444816053511705,https://genius.com/Kid-cudi-bigger-than-you-do-it-alone-lyrics,1,68,Kid Cudi,https://genius.com/artists/Kid-cudi,NA,NA
Bet Ya Know*,1,19,hey,NA,Entergalactic,https://images.genius.com/ed8110f936431abefe3f091051fc41df.518x518x1.jpg,NA,5307863,0.05,https://genius.com/Kid-cudi-bet-ya-know-lyrics,1,68,Kid Cudi,https://genius.com/artists/Kid-cudi,661351,https://genius.com/albums/Kid-cudi/Entergalactic
Beez (Ft. RZA),0,504,NONE,2013-04-12,Indicud,https://images.genius.com/699f98c18a6750dc382068fbcdbc0236.1000x1000x1.jpg,132789,133896,0,https://genius.com/Kid-cudi-beez-lyrics,9,68,Kid Cudi,https://genius.com/artists/Kid-cudi,20193,https://genius.com/albums/Kid-cudi/Indicud
Beautiful Trip,3,4,oh,2020-12-11,Man on the Moon III: The Chosen,https://images.genius.com/07a3deb92bfe7c78f95add89edc0e5ed.1000x1000x1.png,20474,6250761,0.42857142857142855,https://genius.com/Kid-cudi-beautiful-trip-lyrics,4,68,Kid Cudi,https://genius.com/artists/Kid-cudi,692902,https://genius.com/albums/Kid-cudi/Man-on-the-moon-iii-the-chosen
Baptized in Fire (Ft. Travis Scott),8,648,mmm,2016-12-01,"Passion, Pain & Demon Slayin’",https://images.genius.com/f8865356fee027178c8a101afce2f61a.1000x1000x1.png,340548,2856357,0.012195121951219513,https://genius.com/Kid-cudi-baptized-in-fire-lyrics,17,68,Kid Cudi,https://genius.com/artists/Kid-cudi,152011,https://genius.com/albums/Kid-cudi/Passion-pain-demon-slayin
Balmain Jeans (Ft. Raphael Saadiq),5,343,oh,2014-02-25,KiD CuDi presents SATELLITE FLIGHT: The journey to Mother Moon,https://images.genius.com/f93aafaafd092a8bb9b2224aea7385f6.670x670x1.jpg,238669,369647,0.014367816091954023,https://genius.com/Kid-cudi-balmain-jeans-lyrics,8,68,Kid Cudi,https://genius.com/artists/Kid-cudi,67138,https://genius.com/albums/Kid-cudi/Kid-cudi-presents-satellite-flight-the-journey-to-mother-moon
Attention,4,503,hey,NA,NA,https://images.genius.com/ed8110f936431abefe3f091051fc41df.518x518x1.jpg,NA,94620,0.007889546351084813,https://genius.com/Kid-cudi-attention-lyrics,0,68,Kid Cudi,https://genius.com/artists/Kid-cudi,NA,NA
Ashin' Kusher,9,534,hey,2010-11-09,Man on the Moon II: The Legend of Mr. Rager,https://images.genius.com/14137476a886859359839ede660df307.1000x1000x1.jpg,105484,2264,0.016574585635359115,https://genius.com/Kid-cudi-ashin-kusher-lyrics,4,68,Kid Cudi,https://genius.com/artists/Kid-cudi,4428,https://genius.com/albums/Kid-cudi/Man-on-the-moon-ii-the-legend-of-mr-rager
Another Day,19,446,hmm,2020-12-11,Man on the Moon III: The Chosen,https://images.genius.com/07a3deb92bfe7c78f95add89edc0e5ed.1000x1000x1.png,48485,6250763,0.04086021505376344,https://genius.com/Kid-cudi-another-day-lyrics,9,68,Kid Cudi,https://genius.com/artists/Kid-cudi,692902,https://genius.com/albums/Kid-cudi/Man-on-the-moon-iii-the-chosen
Anomaly (Rehearsal Demo),2,107,oh,2015-12-04,Speedin’ Bullet 2 Heaven,https://images.genius.com/854fa85e9ebd6f2af80c0040cdd56b2e.1000x1000x1.jpg,6869,2375549,0.01834862385321101,https://genius.com/Kid-cudi-anomaly-rehearsal-demo-lyrics,0,68,Kid Cudi,https://genius.com/artists/Kid-cudi,128397,https://genius.com/albums/Kid-cudi/Speedin-bullet-2-heaven
Angered Kids,1,125,oh,2015-12-04,Speedin’ Bullet 2 Heaven,https://images.genius.com/854fa85e9ebd6f2af80c0040cdd56b2e.1000x1000x1.jpg,12479,2375544,0.007936507936507936,https://genius.com/Kid-cudi-angered-kids-lyrics,1,68,Kid Cudi,https://genius.com/artists/Kid-cudi,128397,https://genius.com/albums/Kid-cudi/Speedin-bullet-2-heaven
Angels & Demons,0,390,NONE,NA,NA,https://images.genius.com/ed8110f936431abefe3f091051fc41df.518x518x1.jpg,7743,52676,0,https://genius.com/Kid-cudi-angels-and-demons-lyrics,1,68,Kid Cudi,https://genius.com/artists/Kid-cudi,NA,NA
AMEN,3,204,oh,2015-12-04,Speedin’ Bullet 2 Heaven,https://images.genius.com/854fa85e9ebd6f2af80c0040cdd56b2e.1000x1000x1.jpg,15406,2375539,0.014492753623188406,https://genius.com/Kid-cudi-amen-lyrics,0,68,Kid Cudi,https://genius.com/artists/Kid-cudi,128397,https://genius.com/albums/Kid-cudi/Speedin-bullet-2-heaven
All In,10,211,hm,2016-12-16,"Passion, Pain & Demon Slayin’",https://images.genius.com/f8865356fee027178c8a101afce2f61a.1000x1000x1.png,78893,2456464,0.04524886877828054,https://genius.com/Kid-cudi-all-in-lyrics,4,68,Kid Cudi,https://genius.com/artists/Kid-cudi,152011,https://genius.com/albums/Kid-cudi/Passion-pain-demon-slayin
All Along,2,215,hey,2010-11-09,Man on the Moon II: The Legend of Mr. Rager,https://images.genius.com/14137476a886859359839ede660df307.1000x1000x1.jpg,167790,2417,0.009216589861751152,https://genius.com/Kid-cudi-all-along-lyrics,4,68,Kid Cudi,https://genius.com/artists/Kid-cudi,4428,https://genius.com/albums/Kid-cudi/Man-on-the-moon-ii-the-legend-of-mr-rager
Alive (Nightmare),77,356,na,2009-09-15,Man on the Moon: The End of Day,https://images.genius.com/23da9eb13af7d717bed8f6bd5da7d419.1000x1000x1.png,121368,4078,0.17782909930715934,https://genius.com/Kid-cudi-alive-nightmare-lyrics,2,68,Kid Cudi,https://genius.com/artists/Kid-cudi,4427,https://genius.com/albums/Kid-cudi/Man-on-the-moon-the-end-of-day
Alien (Demo) (Ft. Ant Clemons),4,241,oh,NA,Unreleased Songs,https://images.genius.com/9fabb84ec809cbf5e40551821fdb7582.600x600x1.png,10588,4937769,0.0163265306122449,https://genius.com/Kid-cudi-alien-demo-lyrics,2,68,Kid Cudi,https://genius.com/artists/Kid-cudi,663777,https://genius.com/albums/Kid-cudi/Unreleased-songs
Afterwards (Bring Yo Friends) (Ft. King Chip & Michael Bolton),0,393,NONE,2013-04-12,Indicud,https://images.genius.com/699f98c18a6750dc382068fbcdbc0236.1000x1000x1.jpg,47327,133902,0,https://genius.com/Kid-cudi-afterwards-bring-yo-friends-lyrics,2,68,Kid Cudi,https://genius.com/artists/Kid-cudi,20193,https://genius.com/albums/Kid-cudi/Indicud
Adventures,3,324,hmm,2015-12-04,Speedin’ Bullet 2 Heaven,https://images.genius.com/854fa85e9ebd6f2af80c0040cdd56b2e.1000x1000x1.jpg,59203,2375537,0.009174311926605505,https://genius.com/Kid-cudi-adventures-lyrics,1,68,Kid Cudi,https://genius.com/artists/Kid-cudi,128397,https://genius.com/albums/Kid-cudi/Speedin-bullet-2-heaven
50 Ways to Make a Record,1,211,oh,2008-07-17,A Kid Named Cudi,https://images.genius.com/4fb504d5b4dda8a236c224bb1cc11e2a.800x800x1.jpg,41926,6247,0.0047169811320754715,https://genius.com/Kid-cudi-50-ways-to-make-a-record-lyrics,0,68,Kid Cudi,https://genius.com/artists/Kid-cudi,4424,https://genius.com/albums/Kid-cudi/A-kid-named-cudi
4 da Kidz,37,422,nah,2020-12-11,Man on the Moon III: The Chosen,https://images.genius.com/07a3deb92bfe7c78f95add89edc0e5ed.1000x1000x1.png,25938,6250782,0.08061002178649238,https://genius.com/Kid-cudi-4-da-kidz-lyrics,3,68,Kid Cudi,https://genius.com/artists/Kid-cudi,692902,https://genius.com/albums/Kid-cudi/Man-on-the-moon-iii-the-chosen
09' Freestyle,0,421,NONE,2009-04-22,Dat Kid From Cleveland,https://images.genius.com/1296191c98641182cc6ae0378210daf7.1000x1000x1.png,15413,63119,0,https://genius.com/Kid-cudi-09-freestyle-lyrics,3,68,Kid Cudi,https://genius.com/artists/Kid-cudi,19137,https://genius.com/albums/Kid-cudi/Dat-kid-from-cleveland
