song_name,n_hums,n_regulars,most_common_hum,song_release_date,album_name,song_art_image_url,song_pageviews,song_id,song_lyrics_url,song_annotation_count,artist_id,artist_name,artist_url,album_id,album_url,percent_hums,rank
Copernicus Landing,75,0,uh,2014-02-25,KiD CuDi presents SATELLITE FLIGHT: The journey to Mother Moon,https://images.genius.com/f93aafaafd092a8bb9b2224aea7385f6.670x670x1.jpg,27690,369644,https://genius.com/Kid-cudi-copernicus-landing-lyrics,1,68,Kid Cudi,https://genius.com/artists/Kid-cudi,67138,https://genius.com/albums/Kid-cudi/Kid-cudi-presents-satellite-flight-the-journey-to-mother-moon,1,1
Beautiful Trip,3,4,oh,2020-12-11,Man on the Moon III: The Chosen,https://images.genius.com/07a3deb92bfe7c78f95add89edc0e5ed.1000x1000x1.png,28752,6250761,https://genius.com/Kid-cudi-beautiful-trip-lyrics,4,68,Kid Cudi,https://genius.com/artists/Kid-cudi,692902,https://genius.com/albums/Kid-cudi/Man-on-the-moon-iii-the-chosen,0.42857142857142855,1
Sept. 16,84,240,na,2020-12-11,Man on the Moon III: The Chosen,https://images.genius.com/07a3deb92bfe7c78f95add89edc0e5ed.1000x1000x1.png,75887,6250777,https://genius.com/Kid-cudi-sept-16-lyrics,3,68,Kid Cudi,https://genius.com/artists/Kid-cudi,692902,https://genius.com/albums/Kid-cudi/Man-on-the-moon-iii-the-chosen,0.25925925925925924,2
Immortal,88,290,hmmm,2013-03-14,Indicud,https://images.genius.com/c3386ff460b47f648b1c6630fd54fdbb.500x500x1.jpg,333695,122383,https://genius.com/Kid-cudi-immortal-lyrics,9,68,Kid Cudi,https://genius.com/artists/Kid-cudi,20193,https://genius.com/albums/Kid-cudi/Indicud,0.2328042328042328,1
Releaser (Ft. Kacy Hill),32,117,hmm,2016-12-16,"Passion, Pain & Demon Slayin’",https://images.genius.com/f8865356fee027178c8a101afce2f61a.1000x1000x1.png,120740,2867508,https://genius.com/Kid-cudi-releaser-lyrics,4,68,Kid Cudi,https://genius.com/artists/Kid-cudi,152011,https://genius.com/albums/Kid-cudi/Passion-pain-demon-slayin,0.21476510067114093,1
The Rage,129,526,na,2018-04-13,Rampage (Original Motion Picture Soundtrack),https://images.genius.com/f4d2ec0f0f6affdb61e28bfb118a678a.1000x1000x1.jpg,42332,3646080,https://genius.com/Kid-cudi-the-rage-lyrics,3,68,Kid Cudi,https://genius.com/artists/Kid-cudi,419298,https://genius.com/albums/Andrew-lockington/Rampage-original-motion-picture-soundtrack,0.1969465648854962,1
Marijuana,66,298,la,2010-11-09,Man on the Moon II: The Legend of Mr. Rager,https://images.genius.com/14137476a886859359839ede660df307.1000x1000x1.jpg,214246,1835,https://genius.com/Kid-cudi-marijuana-lyrics,3,68,Kid Cudi,https://genius.com/artists/Kid-cudi,4428,https://genius.com/albums/Kid-cudi/Man-on-the-moon-ii-the-legend-of-mr-rager,0.1813186813186813,1
Alive (Nightmare),78,355,na,2009-09-15,Man on the Moon: The End of Day,https://images.genius.com/23da9eb13af7d717bed8f6bd5da7d419.1000x1000x1.png,122193,4078,https://genius.com/Kid-cudi-alive-nightmare-lyrics,1,68,Kid Cudi,https://genius.com/artists/Kid-cudi,4427,https://genius.com/albums/Kid-cudi/Man-on-the-moon-the-end-of-day,0.18013856812933027,1
Insides Out,21,103,oh,2015-12-04,Speedin’ Bullet 2 Heaven,https://images.genius.com/854fa85e9ebd6f2af80c0040cdd56b2e.1000x1000x1.jpg,14346,2375553,https://genius.com/Kid-cudi-insides-out-lyrics,0,68,Kid Cudi,https://genius.com/artists/Kid-cudi,128397,https://genius.com/albums/Kid-cudi/Speedin-bullet-2-heaven,0.1693548387096774,1
Edge of the Earth / Post Mortem Boredom,41,215,na,2015-12-04,Speedin’ Bullet 2 Heaven,https://images.genius.com/854fa85e9ebd6f2af80c0040cdd56b2e.1000x1000x1.jpg,59276,2383401,https://genius.com/Kid-cudi-edge-of-the-earth-post-mortem-boredom-lyrics,2,68,Kid Cudi,https://genius.com/artists/Kid-cudi,128397,https://genius.com/albums/Kid-cudi/Speedin-bullet-2-heaven,0.16015625,2
REVOFEV,47,264,ooh,2010-11-09,Man on the Moon II: The Legend of Mr. Rager,https://images.genius.com/14137476a886859359839ede660df307.1000x1000x1.jpg,121169,1873,https://genius.com/Kid-cudi-revofev-lyrics,1,68,Kid Cudi,https://genius.com/artists/Kid-cudi,4428,https://genius.com/albums/Kid-cudi/Man-on-the-moon-ii-the-legend-of-mr-rager,0.15112540192926044,2
She Knows This,79,472,mm,2020-12-11,Man on the Moon III: The Chosen,https://images.genius.com/07a3deb92bfe7c78f95add89edc0e5ed.1000x1000x1.png,99223,6250764,https://genius.com/Kid-cudi-she-knows-this-lyrics,8,68,Kid Cudi,https://genius.com/artists/Kid-cudi,692902,https://genius.com/albums/Kid-cudi/Man-on-the-moon-iii-the-chosen,0.14337568058076225,3
In My Dreams 2015,2,12,hey,2014-02-25,KiD CuDi presents SATELLITE FLIGHT: The journey to Mother Moon,https://images.genius.com/7744c4b88da50edf5469ffb3b498bdb9.1000x1000x1.jpg,24132,369632,https://genius.com/Kid-cudi-in-my-dreams-2015-lyrics,3,68,Kid Cudi,https://genius.com/artists/Kid-cudi,67138,https://genius.com/albums/Kid-cudi/Kid-cudi-presents-satellite-flight-the-journey-to-mother-moon,0.14285714285714285,2
Make Her Say (I Poke Her Face) (Ft. Common & Kanye West),84,591,oh,2009-06-09,Dat Kid From Cleveland,https://images.genius.com/d5c7c90fc58965951da4af5a29cc5416.630x630x1.jpg,241319,404,https://genius.com/Kid-cudi-make-her-say-i-poke-her-face-lyrics,15,68,Kid Cudi,https://genius.com/artists/Kid-cudi,19137,https://genius.com/albums/Kid-cudi/Dat-kid-from-cleveland,0.12444444444444444,1
Dive,35,247,ayy,2020-12-11,Man on the Moon III: The Chosen,https://images.genius.com/07a3deb92bfe7c78f95add89edc0e5ed.1000x1000x1.png,63450,6250765,https://genius.com/Kid-cudi-dive-lyrics,6,68,Kid Cudi,https://genius.com/artists/Kid-cudi,692902,https://genius.com/albums/Kid-cudi/Man-on-the-moon-iii-the-chosen,0.12411347517730496,4
The Pale Moonlight,51,376,nah,2020-12-11,Man on the Moon III: The Chosen,https://images.genius.com/07a3deb92bfe7c78f95add89edc0e5ed.1000x1000x1.png,46525,6250780,https://genius.com/Kid-cudi-the-pale-moonlight-lyrics,3,68,Kid Cudi,https://genius.com/artists/Kid-cudi,692902,https://genius.com/albums/Kid-cudi/Man-on-the-moon-iii-the-chosen,0.11943793911007025,5
Lovin’ Me,26,200,la,2020-12-11,Man on the Moon III: The Chosen,https://images.genius.com/07a3deb92bfe7c78f95add89edc0e5ed.1000x1000x1.png,65652,6250779,https://genius.com/Kid-cudi-lovin-me-lyrics,6,68,Kid Cudi,https://genius.com/artists/Kid-cudi,692902,https://genius.com/albums/Kid-cudi/Man-on-the-moon-iii-the-chosen,0.11504424778761062,6
Flight at First Sight / Advanced (Ft. Pharrell Williams),74,606,bmm,2016-12-16,"Passion, Pain & Demon Slayin’",https://images.genius.com/f8865356fee027178c8a101afce2f61a.1000x1000x1.png,55527,2867465,https://genius.com/Kid-cudi-flight-at-first-sight-advanced-lyrics,3,68,Kid Cudi,https://genius.com/artists/Kid-cudi,152011,https://genius.com/albums/Kid-cudi/Passion-pain-demon-slayin,0.10882352941176471,2
Mr. Rager,47,397,oh,2010-11-09,Man on the Moon II: The Legend of Mr. Rager,https://images.genius.com/14137476a886859359839ede660df307.1000x1000x1.jpg,434694,1687,https://genius.com/Kid-cudi-mr-rager-lyrics,13,68,Kid Cudi,https://genius.com/artists/Kid-cudi,4428,https://genius.com/albums/Kid-cudi/Man-on-the-moon-ii-the-legend-of-mr-rager,0.10585585585585586,3
Rose Golden (Ft. WILLOW),59,501,na,2016-12-16,"Passion, Pain & Demon Slayin’",https://images.genius.com/f8865356fee027178c8a101afce2f61a.1000x1000x1.png,285764,2867524,https://genius.com/Kid-cudi-rose-golden-lyrics,11,68,Kid Cudi,https://genius.com/artists/Kid-cudi,152011,https://genius.com/albums/Kid-cudi/Passion-pain-demon-slayin,0.10535714285714286,3
ILLusions,41,353,ohh,2016-12-16,"Passion, Pain & Demon Slayin’",https://images.genius.com/f8865356fee027178c8a101afce2f61a.1000x1000x1.png,88285,2867519,https://genius.com/Kid-cudi-illusions-lyrics,5,68,Kid Cudi,https://genius.com/artists/Kid-cudi,152011,https://genius.com/albums/Kid-cudi/Passion-pain-demon-slayin,0.10406091370558376,4
Trapped in My Mind,39,339,oh,2010-11-09,Man on the Moon II: The Legend of Mr. Rager,https://images.genius.com/14137476a886859359839ede660df307.1000x1000x1.jpg,161650,3715,https://genius.com/Kid-cudi-trapped-in-my-mind-lyrics,9,68,Kid Cudi,https://genius.com/artists/Kid-cudi,4428,https://genius.com/albums/Kid-cudi/Man-on-the-moon-ii-the-legend-of-mr-rager,0.10317460317460317,4
The Commander,42,372,ahh,2016-12-16,"Passion, Pain & Demon Slayin’",https://images.genius.com/f8865356fee027178c8a101afce2f61a.1000x1000x1.png,55765,2932618,https://genius.com/Kid-cudi-the-commander-lyrics,4,68,Kid Cudi,https://genius.com/artists/Kid-cudi,152011,https://genius.com/albums/Kid-cudi/Passion-pain-demon-slayin,0.10144927536231885,5
Screwed,8,77,ayy,2015-12-04,Speedin’ Bullet 2 Heaven,https://images.genius.com/854fa85e9ebd6f2af80c0040cdd56b2e.1000x1000x1.jpg,20351,2383396,https://genius.com/Kid-cudi-screwed-lyrics,0,68,Kid Cudi,https://genius.com/artists/Kid-cudi,128397,https://genius.com/albums/Kid-cudi/Speedin-bullet-2-heaven,0.09411764705882353,3
4 da Kidz,42,417,nah,2020-12-11,Man on the Moon III: The Chosen,https://images.genius.com/07a3deb92bfe7c78f95add89edc0e5ed.1000x1000x1.png,41908,6250782,https://genius.com/Kid-cudi-4-da-kidz-lyrics,4,68,Kid Cudi,https://genius.com/artists/Kid-cudi,692902,https://genius.com/albums/Kid-cudi/Man-on-the-moon-iii-the-chosen,0.0915032679738562,7
Kitchen (Ft. Jaden),29,340,hmm,2016-12-16,"Passion, Pain & Demon Slayin’",https://images.genius.com/f8865356fee027178c8a101afce2f61a.1000x1000x1.png,146138,2867559,https://genius.com/Kid-cudi-kitchen-lyrics,3,68,Kid Cudi,https://genius.com/artists/Kid-cudi,152011,https://genius.com/albums/Kid-cudi/Passion-pain-demon-slayin,0.07859078590785908,6
We Aite (Wake Your Mind Up),7,84,hm,2010-11-09,Man on the Moon II: The Legend of Mr. Rager,https://images.genius.com/14137476a886859359839ede660df307.1000x1000x1.jpg,28437,26051,https://genius.com/Kid-cudi-we-aite-wake-your-mind-up-lyrics,1,68,Kid Cudi,https://genius.com/artists/Kid-cudi,4428,https://genius.com/albums/Kid-cudi/Man-on-the-moon-ii-the-legend-of-mr-rager,0.07692307692307693,5
Sky Might Fall,39,478,ahh,2008-07-17,Dat Kid From Cleveland,https://images.genius.com/23da9eb13af7d717bed8f6bd5da7d419.1000x1000x1.png,117975,1156,https://genius.com/Kid-cudi-sky-might-fall-lyrics,4,68,Kid Cudi,https://genius.com/artists/Kid-cudi,19137,https://genius.com/albums/Kid-cudi/Dat-kid-from-cleveland,0.07543520309477757,2
Love Stoned,24,301,ahh,NA,NA,https://images.genius.com/ed8110f936431abefe3f091051fc41df.518x518x1.jpg,9918,4930,https://genius.com/Kid-cudi-love-stoned-lyrics,1,68,Kid Cudi,https://genius.com/artists/Kid-cudi,NA,NA,0.07384615384615385,1
Ghost!,30,380,na,2010-11-09,Man on the Moon II: The Legend of Mr. Rager,https://images.genius.com/14137476a886859359839ede660df307.1000x1000x1.jpg,282984,2337,https://genius.com/Kid-cudi-ghost-lyrics,7,68,Kid Cudi,https://genius.com/artists/Kid-cudi,4428,https://genius.com/albums/Kid-cudi/Man-on-the-moon-ii-the-legend-of-mr-rager,0.07317073170731707,6
Tequila Shots,34,445,hm,2020-12-11,Man on the Moon III: The Chosen,https://images.genius.com/07a3deb92bfe7c78f95add89edc0e5ed.1000x1000x1.png,149487,6250762,https://genius.com/Kid-cudi-tequila-shots-lyrics,10,68,Kid Cudi,https://genius.com/artists/Kid-cudi,692902,https://genius.com/albums/Kid-cudi/Man-on-the-moon-iii-the-chosen,0.0709812108559499,8
Wounds,13,176,hmmm,2016-12-16,"Passion, Pain & Demon Slayin’",https://images.genius.com/f8865356fee027178c8a101afce2f61a.1000x1000x1.png,54803,2867546,https://genius.com/Kid-cudi-wounds-lyrics,3,68,Kid Cudi,https://genius.com/artists/Kid-cudi,152011,https://genius.com/albums/Kid-cudi/Passion-pain-demon-slayin,0.06878306878306878,7
Another Day,29,436,hmm,2020-12-11,Man on the Moon III: The Chosen,https://images.genius.com/07a3deb92bfe7c78f95add89edc0e5ed.1000x1000x1.png,84328,6250763,https://genius.com/Kid-cudi-another-day-lyrics,11,68,Kid Cudi,https://genius.com/artists/Kid-cudi,692902,https://genius.com/albums/Kid-cudi/Man-on-the-moon-iii-the-chosen,0.06236559139784946,9
Pursuit of Happiness (Nightmare) (Ft. MGMT & Ratatat),25,382,oh,2009-09-15,Man on the Moon: The End of Day,https://images.genius.com/678a9114776c5da6b2e8acaa8c8d68a8.630x630x1.jpg,1005571,401,https://genius.com/Kid-cudi-pursuit-of-happiness-nightmare-lyrics,13,68,Kid Cudi,https://genius.com/artists/Kid-cudi,4427,https://genius.com/albums/Kid-cudi/Man-on-the-moon-the-end-of-day,0.06142506142506143,2
Brothers (Ft. A$AP Rocky & King Chip),46,708,hey,2013-04-12,Indicud,https://images.genius.com/699f98c18a6750dc382068fbcdbc0236.1000x1000x1.jpg,245514,133898,https://genius.com/Kid-cudi-brothers-lyrics,17,68,Kid Cudi,https://genius.com/artists/Kid-cudi,20193,https://genius.com/albums/Kid-cudi/Indicud,0.0610079575596817,2
Do What I Want,16,254,hm,NA,Entergalactic,https://images.genius.com/e5f1d8abfe9ba18e1162aeb95122089c.519x519x1.png,NA,5469854,https://genius.com/Kid-cudi-do-what-i-want-lyrics,3,68,Kid Cudi,https://genius.com/artists/Kid-cudi,661351,https://genius.com/albums/Kid-cudi/Entergalactic,0.05925925925925926,1
The Void,34,542,oh,2020-12-11,Man on the Moon III: The Chosen,https://images.genius.com/07a3deb92bfe7c78f95add89edc0e5ed.1000x1000x1.png,93090,6250778,https://genius.com/Kid-cudi-the-void-lyrics,5,68,Kid Cudi,https://genius.com/artists/Kid-cudi,692902,https://genius.com/albums/Kid-cudi/Man-on-the-moon-iii-the-chosen,0.059027777777777776,10
Surfin' (Ft. Pharrell Williams),52,849,aaa,2016-09-30,"Passion, Pain & Demon Slayin’",https://images.genius.com/23aff3418ecc0a9b60d36169beaf0a00.1000x1000x1.jpg,194322,2846383,https://genius.com/Kid-cudi-surfin-lyrics,12,68,Kid Cudi,https://genius.com/artists/Kid-cudi,152011,https://genius.com/albums/Kid-cudi/Passion-pain-demon-slayin,0.05771365149833518,8
Cosmic Warrior,11,183,mmmm,2016-12-16,"Passion, Pain & Demon Slayin’",https://images.genius.com/f8865356fee027178c8a101afce2f61a.1000x1000x1.png,48740,2867557,https://genius.com/Kid-cudi-cosmic-warrior-lyrics,3,68,Kid Cudi,https://genius.com/artists/Kid-cudi,152011,https://genius.com/albums/Kid-cudi/Passion-pain-demon-slayin,0.05670103092783505,9
Mojo So Dope,28,470,oh,2010-11-09,Man on the Moon II: The Legend of Mr. Rager,https://images.genius.com/14137476a886859359839ede660df307.1000x1000x1.jpg,304266,1869,https://genius.com/Kid-cudi-mojo-so-dope-lyrics,10,68,Kid Cudi,https://genius.com/artists/Kid-cudi,4428,https://genius.com/albums/Kid-cudi/Man-on-the-moon-ii-the-legend-of-mr-rager,0.05622489959839357,7
Did You Get It,31,522,na,2010-09-01,Lime Light Exclusives 3,https://images.genius.com/ed8110f936431abefe3f091051fc41df.518x518x1.jpg,NA,57743,https://genius.com/Kid-cudi-did-you-get-it-lyrics,0,68,Kid Cudi,https://genius.com/artists/Kid-cudi,564537,https://genius.com/albums/Various-artists/Lime-light-exclusives-3,0.05605786618444846,1
Maple,5,86,oh,NA,NA,https://images.genius.com/ed8110f936431abefe3f091051fc41df.518x518x1.jpg,NA,4478734,https://genius.com/Kid-cudi-maple-lyrics,1,68,Kid Cudi,https://genius.com/artists/Kid-cudi,NA,NA,0.054945054945054944,2
Solo Dolo (Nightmare),18,310,oh,2009-09-15,Man on the Moon: The End of Day,https://images.genius.com/23da9eb13af7d717bed8f6bd5da7d419.1000x1000x1.png,214442,26045,https://genius.com/Kid-cudi-solo-dolo-nightmare-lyrics,10,68,Kid Cudi,https://genius.com/artists/Kid-cudi,4427,https://genius.com/albums/Kid-cudi/Man-on-the-moon-the-end-of-day,0.054878048780487805,3
Mr. Solo Dolo III,25,436,oh,2020-12-11,Man on the Moon III: The Chosen,https://images.genius.com/07a3deb92bfe7c78f95add89edc0e5ed.1000x1000x1.png,89324,6250769,https://genius.com/Kid-cudi-mr-solo-dolo-iii-lyrics,5,68,Kid Cudi,https://genius.com/artists/Kid-cudi,692902,https://genius.com/albums/Kid-cudi/Man-on-the-moon-iii-the-chosen,0.05422993492407809,11
The Guide (Ft. André 3000),28,510,ooh,2016-12-16,"Passion, Pain & Demon Slayin’",https://images.genius.com/f8865356fee027178c8a101afce2f61a.1000x1000x1.png,81888,2867471,https://genius.com/Kid-cudi-the-guide-lyrics,10,68,Kid Cudi,https://genius.com/artists/Kid-cudi,152011,https://genius.com/albums/Kid-cudi/Passion-pain-demon-slayin,0.05204460966542751,10
Mature Nature,9,169,hmm,2016-12-16,"Passion, Pain & Demon Slayin’",https://images.genius.com/f8865356fee027178c8a101afce2f61a.1000x1000x1.png,34818,2867550,https://genius.com/Kid-cudi-mature-nature-lyrics,2,68,Kid Cudi,https://genius.com/artists/Kid-cudi,152011,https://genius.com/albums/Kid-cudi/Passion-pain-demon-slayin,0.05056179775280899,11
Cleveland is the Reason,24,455,oh,2008-07-17,A Kid Named Cudi,https://images.genius.com/4fb504d5b4dda8a236c224bb1cc11e2a.800x800x1.jpg,77705,4997,https://genius.com/Kid-cudi-cleveland-is-the-reason-lyrics,5,68,Kid Cudi,https://genius.com/artists/Kid-cudi,4424,https://genius.com/albums/Kid-cudi/A-kid-named-cudi,0.05010438413361169,1
Bet Ya Know*,1,19,hey,NA,Entergalactic,https://images.genius.com/e5f1d8abfe9ba18e1162aeb95122089c.519x519x1.png,NA,5307863,https://genius.com/Kid-cudi-bet-ya-know-lyrics,1,68,Kid Cudi,https://genius.com/artists/Kid-cudi,661351,https://genius.com/albums/Kid-cudi/Entergalactic,0.05,2
Intro (A Kid Named Cudi),6,115,huh,2008-07-17,A Kid Named Cudi,https://images.genius.com/4fb504d5b4dda8a236c224bb1cc11e2a.800x800x1.jpg,NA,3952714,https://genius.com/Kid-cudi-intro-a-kid-named-cudi-lyrics,1,68,Kid Cudi,https://genius.com/artists/Kid-cudi,4424,https://genius.com/albums/Kid-cudi/A-kid-named-cudi,0.049586776859504134,2
Dance 4 Eternity,14,275,hmm,2016-12-16,"Passion, Pain & Demon Slayin’",https://images.genius.com/f8865356fee027178c8a101afce2f61a.1000x1000x1.png,56638,2867534,https://genius.com/Kid-cudi-dance-4-eternity-lyrics,1,68,Kid Cudi,https://genius.com/artists/Kid-cudi,152011,https://genius.com/albums/Kid-cudi/Passion-pain-demon-slayin,0.04844290657439446,12
That Girl,7,144,oh,2009-12-11,A Kid Named Cudi,https://images.genius.com/d5cb36155378fcee8cb7fe60e4a7f394.770x770x1.jpg,29908,59271,https://genius.com/Kid-cudi-that-girl-lyrics,1,68,Kid Cudi,https://genius.com/artists/Kid-cudi,4424,https://genius.com/albums/Kid-cudi/A-kid-named-cudi,0.046357615894039736,3
Sad People,13,271,ahh,2020-12-11,Man on the Moon III: The Chosen,https://images.genius.com/07a3deb92bfe7c78f95add89edc0e5ed.1000x1000x1.png,73064,6250775,https://genius.com/Kid-cudi-sad-people-lyrics,9,68,Kid Cudi,https://genius.com/artists/Kid-cudi,692902,https://genius.com/albums/Kid-cudi/Man-on-the-moon-iii-the-chosen,0.045774647887323945,12
All In,10,210,hm,2016-12-16,"Passion, Pain & Demon Slayin’",https://images.genius.com/f8865356fee027178c8a101afce2f61a.1000x1000x1.png,79004,2456464,https://genius.com/Kid-cudi-all-in-lyrics,4,68,Kid Cudi,https://genius.com/artists/Kid-cudi,152011,https://genius.com/albums/Kid-cudi/Passion-pain-demon-slayin,0.045454545454545456,13
MELTING,5,107,hey,2015-12-04,Speedin’ Bullet 2 Heaven,https://images.genius.com/854fa85e9ebd6f2af80c0040cdd56b2e.1000x1000x1.jpg,31919,2375557,https://genius.com/Kid-cudi-melting-lyrics,1,68,Kid Cudi,https://genius.com/artists/Kid-cudi,128397,https://genius.com/albums/Kid-cudi/Speedin-bullet-2-heaven,0.044642857142857144,4
Speedin' Bullet 2 Heaven (Acoustic Demo),10,223,hmm,2015-12-04,Speedin’ Bullet 2 Heaven,https://images.genius.com/854fa85e9ebd6f2af80c0040cdd56b2e.1000x1000x1.jpg,6927,2375554,https://genius.com/Kid-cudi-speedin-bullet-2-heaven-acoustic-demo-lyrics,1,68,Kid Cudi,https://genius.com/artists/Kid-cudi,128397,https://genius.com/albums/Kid-cudi/Speedin-bullet-2-heaven,0.04291845493562232,5
Does It,29,656,oh,2016-12-16,"Passion, Pain & Demon Slayin’",https://images.genius.com/f8865356fee027178c8a101afce2f61a.1000x1000x1.png,60292,2867528,https://genius.com/Kid-cudi-does-it-lyrics,10,68,Kid Cudi,https://genius.com/artists/Kid-cudi,152011,https://genius.com/albums/Kid-cudi/Passion-pain-demon-slayin,0.042335766423357665,14
CudderIsBack,16,379,hey,2010-01-26,NA,https://images.genius.com/ed8110f936431abefe3f091051fc41df.518x518x1.jpg,103558,2826,https://genius.com/Kid-cudi-cudderisback-lyrics,8,68,Kid Cudi,https://genius.com/artists/Kid-cudi,NA,NA,0.04050632911392405,3
Lord I Know,16,384,uh,2020-12-11,Man on the Moon III: The Chosen,https://images.genius.com/07a3deb92bfe7c78f95add89edc0e5ed.1000x1000x1.png,50497,6250783,https://genius.com/Kid-cudi-lord-i-know-lyrics,4,68,Kid Cudi,https://genius.com/artists/Kid-cudi,692902,https://genius.com/albums/Kid-cudi/Man-on-the-moon-iii-the-chosen,0.04,13
Don't Play This Song (Ft. Mary J. Blige),21,513,ooh,2010-11-09,Man on the Moon II: The Legend of Mr. Rager,https://images.genius.com/14137476a886859359839ede660df307.1000x1000x1.jpg,134450,2330,https://genius.com/Kid-cudi-dont-play-this-song-lyrics,5,68,Kid Cudi,https://genius.com/artists/Kid-cudi,4428,https://genius.com/albums/Kid-cudi/Man-on-the-moon-ii-the-legend-of-mr-rager,0.03932584269662921,8
Skit 1,11,301,oh,NA,Rap Hard,https://images.genius.com/0aab2c3a8fe65902dd9bea31a7460a32.706x706x1.png,NA,2988828,https://genius.com/Kid-cudi-skit-1-lyrics,0,68,Kid Cudi,https://genius.com/artists/Kid-cudi,13681,https://genius.com/albums/Kid-cudi/Rap-hard,0.035256410256410256,1
Intro (Dat Kid From Cleveland),3,91,hey,2009-04-22,Dat Kid From Cleveland,https://images.genius.com/1296191c98641182cc6ae0378210daf7.1000x1000x1.png,NA,2154080,https://genius.com/Kid-cudi-intro-dat-kid-from-cleveland-lyrics,1,68,Kid Cudi,https://genius.com/artists/Kid-cudi,19137,https://genius.com/albums/Kid-cudi/Dat-kid-from-cleveland,0.031914893617021274,3
Going to the Ceremony,5,155,hmm,2014-02-25,KiD CuDi presents SATELLITE FLIGHT: The journey to Mother Moon,https://images.genius.com/f93aafaafd092a8bb9b2224aea7385f6.670x670x1.jpg,95671,182150,https://genius.com/Kid-cudi-going-to-the-ceremony-lyrics,4,68,Kid Cudi,https://genius.com/artists/Kid-cudi,67138,https://genius.com/albums/Kid-cudi/Kid-cudi-presents-satellite-flight-the-journey-to-mother-moon,0.03125,3
Distant Fantasies,17,538,uh,2016-12-16,"Passion, Pain & Demon Slayin’",https://images.genius.com/f8865356fee027178c8a101afce2f61a.1000x1000x1.png,61807,2867539,https://genius.com/Kid-cudi-distant-fantasies-lyrics,4,68,Kid Cudi,https://genius.com/artists/Kid-cudi,152011,https://genius.com/albums/Kid-cudi/Passion-pain-demon-slayin,0.03063063063063063,15
Judgmental Cunt,5,172,hey,2015-10-03,Speedin’ Bullet 2 Heaven,https://images.genius.com/854fa85e9ebd6f2af80c0040cdd56b2e.1000x1000x1.jpg,38273,2321494,https://genius.com/Kid-cudi-judgmental-cunt-lyrics,2,68,Kid Cudi,https://genius.com/artists/Kid-cudi,128397,https://genius.com/albums/Kid-cudi/Speedin-bullet-2-heaven,0.02824858757062147,6
Fuchsia Butterflies,6,207,oh,2015-12-04,Speedin’ Bullet 2 Heaven,https://images.genius.com/854fa85e9ebd6f2af80c0040cdd56b2e.1000x1000x1.jpg,32671,2383398,https://genius.com/Kid-cudi-fuchsia-butterflies-lyrics,1,68,Kid Cudi,https://genius.com/artists/Kid-cudi,128397,https://genius.com/albums/Kid-cudi/Speedin-bullet-2-heaven,0.028169014084507043,7
Red Eye (Ft. HAIM),13,454,oh,2013-04-12,Indicud,https://images.genius.com/699f98c18a6750dc382068fbcdbc0236.1000x1000x1.jpg,165505,133893,https://genius.com/Kid-cudi-red-eye-lyrics,3,68,Kid Cudi,https://genius.com/artists/Kid-cudi,20193,https://genius.com/albums/Kid-cudi/Indicud,0.027837259100642397,3
Baptized in Fire (Ft. Travis Scott),18,638,uh,2016-12-01,"Passion, Pain & Demon Slayin’",https://images.genius.com/f8865356fee027178c8a101afce2f61a.1000x1000x1.png,341293,2856357,https://genius.com/Kid-cudi-baptized-in-fire-lyrics,17,68,Kid Cudi,https://genius.com/artists/Kid-cudi,152011,https://genius.com/albums/Kid-cudi/Passion-pain-demon-slayin,0.027439024390243903,16
Dose of Dopeness,15,532,oh,2012-02-20,NA,https://images.genius.com/296e117412a63a5584236cdc71e8dccd.1000x1000x1.jpg,72246,65293,https://genius.com/Kid-cudi-dose-of-dopeness-lyrics,4,68,Kid Cudi,https://genius.com/artists/Kid-cudi,NA,NA,0.027422303473491772,4
The Adventures of Moon Man & Slim Shady (Ft. Eminem),28,995,nah,2020-07-10,Entergalactic,https://images.genius.com/82571b47c09fa61d54819f521010a5b7.1000x1000x1.png,665016,5748123,https://genius.com/Kid-cudi-the-adventures-of-moon-man-and-slim-shady-lyrics,45,68,Kid Cudi,https://genius.com/artists/Kid-cudi,661351,https://genius.com/albums/Kid-cudi/Entergalactic,0.02737047898338221,3
Day ‘N’ Nite (Nightmare),12,437,na,2008-02-05,A Kid Named Cudi,https://images.genius.com/be356deab94c00491791293219ef02a5.1000x1000x1.jpg,818455,131,https://genius.com/Kid-cudi-day-n-nite-nightmare-lyrics,14,68,Kid Cudi,https://genius.com/artists/Kid-cudi,4424,https://genius.com/albums/Kid-cudi/A-kid-named-cudi,0.026726057906458798,4
Speedin' Bullet 2 Heaven,6,223,oh,2015-12-01,Speedin’ Bullet 2 Heaven,https://images.rapgenius.com/8a5f1703cd5f7c771f875116e050fbe4.600x600x1.jpg,53979,2375547,https://genius.com/Kid-cudi-speedin-bullet-2-heaven-lyrics,2,68,Kid Cudi,https://genius.com/artists/Kid-cudi,128397,https://genius.com/albums/Kid-cudi/Speedin-bullet-2-heaven,0.026200873362445413,8
Tim Westwood Freestyle,25,935,oh,NA,NA,https://images.genius.com/ed8110f936431abefe3f091051fc41df.518x518x1.jpg,17699,60962,https://genius.com/Kid-cudi-tim-westwood-freestyle-lyrics,17,68,Kid Cudi,https://genius.com/artists/Kid-cudi,NA,NA,0.026041666666666668,5
Man in the Night,11,419,oh,2015-12-04,Speedin’ Bullet 2 Heaven,https://images.genius.com/854fa85e9ebd6f2af80c0040cdd56b2e.1000x1000x1.jpg,31042,2375534,https://genius.com/Kid-cudi-man-in-the-night-lyrics,1,68,Kid Cudi,https://genius.com/artists/Kid-cudi,128397,https://genius.com/albums/Kid-cudi/Speedin-bullet-2-heaven,0.02558139534883721,9
My World (Ft. Jeff Bhasker),12,459,ohh,2009-09-15,Man on the Moon: The End of Day,https://images.genius.com/23da9eb13af7d717bed8f6bd5da7d419.1000x1000x1.png,113637,2333,https://genius.com/Kid-cudi-my-world-lyrics,6,68,Kid Cudi,https://genius.com/artists/Kid-cudi,4427,https://genius.com/albums/Kid-cudi/Man-on-the-moon-the-end-of-day,0.025477707006369428,4
Maybe,10,385,ahh,2010-11-09,Man on the Moon II: The Legend of Mr. Rager,https://images.genius.com/844e2cde0aa95d91ab7c9cb797f48990.640x640x1.jpg,23394,50124,https://genius.com/Kid-cudi-maybe-lyrics,1,68,Kid Cudi,https://genius.com/artists/Kid-cudi,4428,https://genius.com/albums/Kid-cudi/Man-on-the-moon-ii-the-legend-of-mr-rager,0.02531645569620253,9
Follow Me,4,155,oh,NA,NA,https://images.genius.com/ed8110f936431abefe3f091051fc41df.518x518x1.jpg,14485,6223,https://genius.com/Kid-cudi-follow-me-lyrics,2,68,Kid Cudi,https://genius.com/artists/Kid-cudi,NA,NA,0.025157232704402517,6
Cuditastic (Freestyle) (Ft. Peter Rosenberg),15,587,ay,NA,NA,https://images.genius.com/ed8110f936431abefe3f091051fc41df.518x518x1.jpg,NA,2893188,https://genius.com/Kid-cudi-cuditastic-freestyle-lyrics,1,68,Kid Cudi,https://genius.com/artists/Kid-cudi,NA,NA,0.024916943521594685,7
By Design (Ft. André 3000),15,587,oooh,2016-12-16,"Passion, Pain & Demon Slayin’",https://images.genius.com/f8865356fee027178c8a101afce2f61a.1000x1000x1.png,347086,2867466,https://genius.com/Kid-cudi-by-design-lyrics,15,68,Kid Cudi,https://genius.com/artists/Kid-cudi,152011,https://genius.com/albums/Kid-cudi/Passion-pain-demon-slayin,0.024916943521594685,17
Darkness Be Rising,8,316,uh,NA,NA,https://images.genius.com/ed8110f936431abefe3f091051fc41df.518x518x1.jpg,12828,90897,https://genius.com/Kid-cudi-darkness-be-rising-lyrics,1,68,Kid Cudi,https://genius.com/artists/Kid-cudi,NA,NA,0.024691358024691357,8
Internal Bleeding,6,238,hey,2014-02-25,KiD CuDi presents SATELLITE FLIGHT: The journey to Mother Moon,https://images.genius.com/f93aafaafd092a8bb9b2224aea7385f6.670x670x1.jpg,69377,369629,https://genius.com/Kid-cudi-internal-bleeding-lyrics,5,68,Kid Cudi,https://genius.com/artists/Kid-cudi,67138,https://genius.com/albums/Kid-cudi/Kid-cudi-presents-satellite-flight-the-journey-to-mother-moon,0.02459016393442623,4
Interlude,3,126,yo,NA,Rap Hard,https://images.genius.com/0aab2c3a8fe65902dd9bea31a7460a32.706x706x1.png,NA,2988832,https://genius.com/Kid-cudi-interlude-lyrics,0,68,Kid Cudi,https://genius.com/artists/Kid-cudi,13681,https://genius.com/albums/Kid-cudi/Rap-hard,0.023255813953488372,2
Dangerous (Ft. Ricky Hil),11,466,oh,NA,NA,https://images.genius.com/ed8110f936431abefe3f091051fc41df.518x518x1.jpg,NA,51851,https://genius.com/Kid-cudi-dangerous-lyrics,1,68,Kid Cudi,https://genius.com/artists/Kid-cudi,NA,NA,0.023060796645702306,9
Heaven at Nite,6,256,oh,2008-07-17,A Kid Named Cudi,https://images.genius.com/4fb504d5b4dda8a236c224bb1cc11e2a.800x800x1.jpg,58619,4052,https://genius.com/Kid-cudi-heaven-at-nite-lyrics,2,68,Kid Cudi,https://genius.com/artists/Kid-cudi,4424,https://genius.com/albums/Kid-cudi/A-kid-named-cudi,0.022900763358778626,5
Damaged,9,398,hey,2020-12-11,Man on the Moon III: The Chosen,https://images.genius.com/07a3deb92bfe7c78f95add89edc0e5ed.1000x1000x1.png,59564,6250766,https://genius.com/Kid-cudi-damaged-lyrics,9,68,Kid Cudi,https://genius.com/artists/Kid-cudi,692902,https://genius.com/albums/Kid-cudi/Man-on-the-moon-iii-the-chosen,0.022113022113022112,14
Worth,8,365,oh,2015-12-04,Speedin’ Bullet 2 Heaven,https://images.genius.com/854fa85e9ebd6f2af80c0040cdd56b2e.1000x1000x1.jpg,16845,2375556,https://genius.com/Kid-cudi-worth-lyrics,0,68,Kid Cudi,https://genius.com/artists/Kid-cudi,128397,https://genius.com/albums/Kid-cudi/Speedin-bullet-2-heaven,0.021447721179624665,10
The Ruler and the Killer,8,368,hey,2012-03-16,The Hunger Games: Songs from District 12 and Beyond,https://images.genius.com/cb2cd9426d8a9ba42d0bd963c3948246.303x314x1.jpg,6350,68303,https://genius.com/Kid-cudi-the-ruler-and-the-killer-lyrics,11,68,Kid Cudi,https://genius.com/artists/Kid-cudi,87979,https://genius.com/albums/Various-artists/The-hunger-games-songs-from-district-12-and-beyond,0.02127659574468085,1
Ashin' Kusher,11,532,hey,2010-11-09,Man on the Moon II: The Legend of Mr. Rager,https://images.genius.com/14137476a886859359839ede660df307.1000x1000x1.jpg,105992,2264,https://genius.com/Kid-cudi-ashin-kusher-lyrics,4,68,Kid Cudi,https://genius.com/artists/Kid-cudi,4428,https://genius.com/albums/Kid-cudi/Man-on-the-moon-ii-the-legend-of-mr-rager,0.020257826887661142,10
Frequency,6,303,hmm,2016-03-25,"Passion, Pain & Demon Slayin’",https://images.genius.com/23aff3418ecc0a9b60d36169beaf0a00.1000x1000x1.jpg,209035,2445357,https://genius.com/Kid-cudi-frequency-lyrics,7,68,Kid Cudi,https://genius.com/artists/Kid-cudi,152011,https://genius.com/albums/Kid-cudi/Passion-pain-demon-slayin,0.019417475728155338,18
Come Around,10,506,oh,2009-01-01,NA,https://images.genius.com/ed8110f936431abefe3f091051fc41df.518x518x1.jpg,7721,58148,https://genius.com/Kid-cudi-come-around-lyrics,1,68,Kid Cudi,https://genius.com/artists/Kid-cudi,NA,NA,0.01937984496124031,10
Anomaly (Rehearsal Demo),2,107,oh,2015-12-04,Speedin’ Bullet 2 Heaven,https://images.genius.com/854fa85e9ebd6f2af80c0040cdd56b2e.1000x1000x1.jpg,6893,2375549,https://genius.com/Kid-cudi-anomaly-rehearsal-demo-lyrics,0,68,Kid Cudi,https://genius.com/artists/Kid-cudi,128397,https://genius.com/albums/Kid-cudi/Speedin-bullet-2-heaven,0.01834862385321101,11
Soundtrack 2 My Life,10,568,huh,2009-09-15,Man on the Moon: The End of Day,https://images.genius.com/23da9eb13af7d717bed8f6bd5da7d419.1000x1000x1.png,773985,402,https://genius.com/Kid-cudi-soundtrack-2-my-life-lyrics,19,68,Kid Cudi,https://genius.com/artists/Kid-cudi,4427,https://genius.com/albums/Kid-cudi/Man-on-the-moon-the-end-of-day,0.01730103806228374,5
Hyyerr (Ft. King Chip),9,539,oh,2009-09-15,Man on the Moon: The End of Day,https://images.genius.com/23da9eb13af7d717bed8f6bd5da7d419.1000x1000x1.png,116179,2329,https://genius.com/Kid-cudi-hyyerr-lyrics,8,68,Kid Cudi,https://genius.com/artists/Kid-cudi,4427,https://genius.com/albums/Kid-cudi/Man-on-the-moon-the-end-of-day,0.016423357664233577,6
Alien (Demo) (Ft. Ant Clemons),4,241,oh,NA,Unreleased Songs,https://images.genius.com/9fabb84ec809cbf5e40551821fdb7582.600x600x1.png,10627,4937769,https://genius.com/Kid-cudi-alien-demo-lyrics,2,68,Kid Cudi,https://genius.com/artists/Kid-cudi,663777,https://genius.com/albums/Kid-cudi/Unreleased-songs,0.0163265306122449,1
Attention,8,499,uh,NA,NA,https://images.genius.com/ed8110f936431abefe3f091051fc41df.518x518x1.jpg,NA,94620,https://genius.com/Kid-cudi-attention-lyrics,0,68,Kid Cudi,https://genius.com/artists/Kid-cudi,NA,NA,0.015779092702169626,11
The Prayer,6,375,hey,2008-07-17,A Kid Named Cudi,https://images.genius.com/4fb504d5b4dda8a236c224bb1cc11e2a.800x800x1.jpg,514815,1822,https://genius.com/Kid-cudi-the-prayer-lyrics,3,68,Kid Cudi,https://genius.com/artists/Kid-cudi,4424,https://genius.com/albums/Kid-cudi/A-kid-named-cudi,0.015748031496062992,6
Perfect Is the Word (Ft. Dot Da Genius),2,126,nah,NA,NA,https://images.genius.com/ed8110f936431abefe3f091051fc41df.518x518x1.jpg,NA,50553,https://genius.com/Kid-cudi-perfect-is-the-word-lyrics,1,68,Kid Cudi,https://genius.com/artists/Kid-cudi,NA,NA,0.015625,12
I'm That,6,381,oh,NA,Rap Hard,https://images.genius.com/0aab2c3a8fe65902dd9bea31a7460a32.706x706x1.png,NA,2408260,https://genius.com/Kid-cudi-im-that-lyrics,0,68,Kid Cudi,https://genius.com/artists/Kid-cudi,13681,https://genius.com/albums/Kid-cudi/Rap-hard,0.015503875968992248,3
Leader of the Delinquents,8,518,mm,2020-04-14,NA,https://images.genius.com/85e759be0f7a55c48871321c94e3f7e4.1000x1000x1.png,96791,5448098,https://genius.com/Kid-cudi-leader-of-the-delinquents-lyrics,15,68,Kid Cudi,https://genius.com/artists/Kid-cudi,NA,NA,0.015209125475285171,13
Heaven on Earth,8,520,mm,2020-12-11,Man on the Moon III: The Chosen,https://images.genius.com/07a3deb92bfe7c78f95add89edc0e5ed.1000x1000x1.png,64594,6250767,https://genius.com/Kid-cudi-heaven-on-earth-lyrics,1,68,Kid Cudi,https://genius.com/artists/Kid-cudi,692902,https://genius.com/albums/Kid-cudi/Man-on-the-moon-iii-the-chosen,0.015151515151515152,15
Can't Look In My Eyes (Ft. Kanye West),11,730,hmmm,2016-10-03,NA,https://images.genius.com/ed8110f936431abefe3f091051fc41df.518x518x1.jpg,35903,2870350,https://genius.com/Kid-cudi-cant-look-in-my-eyes-lyrics,4,68,Kid Cudi,https://genius.com/artists/Kid-cudi,NA,NA,0.014844804318488529,14
AMEN,3,204,oh,2015-12-04,Speedin’ Bullet 2 Heaven,https://images.genius.com/854fa85e9ebd6f2af80c0040cdd56b2e.1000x1000x1.jpg,15459,2375539,https://genius.com/Kid-cudi-amen-lyrics,0,68,Kid Cudi,https://genius.com/artists/Kid-cudi,128397,https://genius.com/albums/Kid-cudi/Speedin-bullet-2-heaven,0.014492753623188406,12
Balmain Jeans (Ft. Raphael Saadiq),5,343,oh,2014-02-25,KiD CuDi presents SATELLITE FLIGHT: The journey to Mother Moon,https://images.genius.com/f93aafaafd092a8bb9b2224aea7385f6.670x670x1.jpg,238872,369647,https://genius.com/Kid-cudi-balmain-jeans-lyrics,8,68,Kid Cudi,https://genius.com/artists/Kid-cudi,67138,https://genius.com/albums/Kid-cudi/Kid-cudi-presents-satellite-flight-the-journey-to-mother-moon,0.014367816091954023,5
Creepers,5,371,hey,2012-09-14,Kanye West Presents Good Music Cruel Summer,https://images.genius.com/a73a620b2147a174491b493808139666.1000x1000x1.png,295372,76917,https://genius.com/Kid-cudi-creepers-lyrics,5,68,Kid Cudi,https://genius.com/artists/Kid-cudi,109923,https://genius.com/albums/Kanye-west/Kanye-west-presents-good-music-cruel-summer,0.013297872340425532,1
Sunrise,6,447,hey,NA,Entergalactic,https://images.genius.com/e5f1d8abfe9ba18e1162aeb95122089c.519x519x1.png,NA,4479301,https://genius.com/Kid-cudi-sunrise-lyrics,1,68,Kid Cudi,https://genius.com/artists/Kid-cudi,661351,https://genius.com/albums/Kid-cudi/Entergalactic,0.013245033112582781,4
Man on the Moon (The Anthem),6,451,hey,2008-07-17,A Kid Named Cudi,https://images.genius.com/4fb504d5b4dda8a236c224bb1cc11e2a.800x800x1.jpg,386863,1652,https://genius.com/Kid-cudi-man-on-the-moon-the-anthem-lyrics,7,68,Kid Cudi,https://genius.com/artists/Kid-cudi,4424,https://genius.com/albums/Kid-cudi/A-kid-named-cudi,0.01312910284463895,7
Burn Baby Burn,5,405,oh,2013-04-12,Indicud,https://images.genius.com/699f98c18a6750dc382068fbcdbc0236.1000x1000x1.jpg,94708,133899,https://genius.com/Kid-cudi-burn-baby-burn-lyrics,6,68,Kid Cudi,https://genius.com/artists/Kid-cudi,20193,https://genius.com/albums/Kid-cudi/Indicud,0.012195121951219513,4
The Return of Chip Douglas (Demo),3,252,oh,2015-12-04,Speedin’ Bullet 2 Heaven,https://images.genius.com/854fa85e9ebd6f2af80c0040cdd56b2e.1000x1000x1.jpg,11715,2375550,https://genius.com/Kid-cudi-the-return-of-chip-douglas-demo-lyrics,1,68,Kid Cudi,https://genius.com/artists/Kid-cudi,128397,https://genius.com/albums/Kid-cudi/Speedin-bullet-2-heaven,0.011764705882352941,13
T.G.I.F. (Ft. King Chip),5,424,ay,2008-07-17,A Kid Named Cudi,https://images.genius.com/4fb504d5b4dda8a236c224bb1cc11e2a.800x800x1.jpg,50905,2922,https://genius.com/Kid-cudi-tgif-lyrics,0,68,Kid Cudi,https://genius.com/artists/Kid-cudi,4424,https://genius.com/albums/Kid-cudi/A-kid-named-cudi,0.011655011655011656,8
Scott Mescudi vs. the World (Ft. CeeLo Green),5,424,ayy,2010-11-09,Man on the Moon II: The Legend of Mr. Rager,https://images.genius.com/14137476a886859359839ede660df307.1000x1000x1.jpg,111770,1872,https://genius.com/Kid-cudi-scott-mescudi-vs-the-world-lyrics,6,68,Kid Cudi,https://genius.com/artists/Kid-cudi,4428,https://genius.com/albums/Kid-cudi/Man-on-the-moon-ii-the-legend-of-mr-rager,0.011655011655011656,11
Off The Top,4,344,oh,2008-05-05,NA,https://images.genius.com/ed8110f936431abefe3f091051fc41df.518x518x1.jpg,NA,444168,https://genius.com/Kid-cudi-off-the-top-lyrics,1,68,Kid Cudi,https://genius.com/artists/Kid-cudi,NA,NA,0.011494252873563218,15
Day 'n' Nite (main),6,522,na,NA,NA,https://images.genius.com/ed8110f936431abefe3f091051fc41df.518x518x1.jpg,10983,1355471,https://genius.com/Kid-cudi-day-n-nite-main-lyrics,1,68,Kid Cudi,https://genius.com/artists/Kid-cudi,NA,NA,0.011363636363636364,16
Party All The Time,7,618,la,NA,Rap Hard,https://images.genius.com/0aab2c3a8fe65902dd9bea31a7460a32.706x706x1.png,NA,68371,https://genius.com/Kid-cudi-party-all-the-time-lyrics,1,68,Kid Cudi,https://genius.com/artists/Kid-cudi,13681,https://genius.com/albums/Kid-cudi/Rap-hard,0.0112,4
Cold Blooded,4,368,oh,2013-04-12,Indicud,https://images.genius.com/699f98c18a6750dc382068fbcdbc0236.1000x1000x1.jpg,130222,133901,https://genius.com/Kid-cudi-cold-blooded-lyrics,8,68,Kid Cudi,https://genius.com/artists/Kid-cudi,20193,https://genius.com/albums/Kid-cudi/Indicud,0.010752688172043012,5
Freestyle Jam (Ft. Asher Roth),13,1209,hey,2009-02-09,NA,https://images.genius.com/ed8110f936431abefe3f091051fc41df.518x518x1.jpg,NA,2395425,https://genius.com/Kid-cudi-freestyle-jam-lyrics,1,68,Kid Cudi,https://genius.com/artists/Kid-cudi,NA,NA,0.010638297872340425,17
Unfuckwittable,2,189,oh,2013-04-12,Indicud,https://images.genius.com/699f98c18a6750dc382068fbcdbc0236.1000x1000x1.jpg,192409,133890,https://genius.com/Kid-cudi-unfuckwittable-lyrics,6,68,Kid Cudi,https://genius.com/artists/Kid-cudi,20193,https://genius.com/albums/Kid-cudi/Indicud,0.010471204188481676,6
Pion [freestyle],5,480,oh,NA,NA,https://images.genius.com/ed8110f936431abefe3f091051fc41df.518x518x1.jpg,NA,49931,https://genius.com/Kid-cudi-pion-freestyle-lyrics,0,68,Kid Cudi,https://genius.com/artists/Kid-cudi,NA,NA,0.010309278350515464,18
Takeover Freestyle,5,492,hey,2009-04-22,Dat Kid From Cleveland,https://images.genius.com/1296191c98641182cc6ae0378210daf7.1000x1000x1.png,NA,4791,https://genius.com/Kid-cudi-takeover-freestyle-lyrics,1,68,Kid Cudi,https://genius.com/artists/Kid-cudi,19137,https://genius.com/albums/Kid-cudi/Dat-kid-from-cleveland,0.01006036217303823,4
Down Out,6,595,hey,2008-07-17,A Kid Named Cudi,https://images.genius.com/4fb504d5b4dda8a236c224bb1cc11e2a.800x800x1.jpg,96087,6347,https://genius.com/Kid-cudi-down-out-lyrics,3,68,Kid Cudi,https://genius.com/artists/Kid-cudi,4424,https://genius.com/albums/Kid-cudi/A-kid-named-cudi,0.009983361064891847,9
Beez (Ft. RZA),5,499,la,2013-04-12,Indicud,https://images.genius.com/699f98c18a6750dc382068fbcdbc0236.1000x1000x1.jpg,132898,133896,https://genius.com/Kid-cudi-beez-lyrics,9,68,Kid Cudi,https://genius.com/artists/Kid-cudi,20193,https://genius.com/albums/Kid-cudi/Indicud,0.00992063492063492,7
Skit - Foggy Glasses,1,101,oh,2009-04-22,Dat Kid From Cleveland,https://images.genius.com/1296191c98641182cc6ae0378210daf7.1000x1000x1.png,NA,182586,https://genius.com/Kid-cudi-skit-foggy-glasses-lyrics,1,68,Kid Cudi,https://genius.com/artists/Kid-cudi,19137,https://genius.com/albums/Kid-cudi/Dat-kid-from-cleveland,0.00980392156862745,5
Erase Me (Ft. Kanye West),4,412,hmm,2010-11-09,Man on the Moon II: The Legend of Mr. Rager,https://images.genius.com/a6bf806f28ecd7f3d665dd7ad5abc8b6.475x475x1.jpg,434074,621,https://genius.com/Kid-cudi-erase-me-lyrics,4,68,Kid Cudi,https://genius.com/artists/Kid-cudi,4428,https://genius.com/albums/Kid-cudi/Man-on-the-moon-ii-the-legend-of-mr-rager,0.009615384615384616,12
All Along,2,215,hey,2010-11-09,Man on the Moon II: The Legend of Mr. Rager,https://images.genius.com/14137476a886859359839ede660df307.1000x1000x1.jpg,168339,2417,https://genius.com/Kid-cudi-all-along-lyrics,4,68,Kid Cudi,https://genius.com/artists/Kid-cudi,4428,https://genius.com/albums/Kid-cudi/Man-on-the-moon-ii-the-legend-of-mr-rager,0.009216589861751152,13
Adventures,3,324,hmm,2015-12-04,Speedin’ Bullet 2 Heaven,https://images.genius.com/854fa85e9ebd6f2af80c0040cdd56b2e.1000x1000x1.jpg,59383,2375537,https://genius.com/Kid-cudi-adventures-lyrics,1,68,Kid Cudi,https://genius.com/artists/Kid-cudi,128397,https://genius.com/albums/Kid-cudi/Speedin-bullet-2-heaven,0.009174311926605505,14
The Biggest Grinder,4,469,la,NA,NA,https://images.genius.com/ed8110f936431abefe3f091051fc41df.518x518x1.jpg,NA,136889,https://genius.com/Kid-cudi-the-biggest-grinder-lyrics,21,68,Kid Cudi,https://genius.com/artists/Kid-cudi,NA,NA,0.008456659619450317,19
Solo Dolo Part II (Ft. Kendrick Lamar),4,472,huh,2013-04-12,Indicud,https://images.genius.com/699f98c18a6750dc382068fbcdbc0236.1000x1000x1.jpg,226815,133894,https://genius.com/Kid-cudi-solo-dolo-part-ii-lyrics,24,68,Kid Cudi,https://genius.com/artists/Kid-cudi,20193,https://genius.com/albums/Kid-cudi/Indicud,0.008403361344537815,8
Know Why,4,473,oh,NA,NA,https://images.genius.com/ed8110f936431abefe3f091051fc41df.518x518x1.jpg,11550,4859,https://genius.com/Kid-cudi-know-why-lyrics,1,68,Kid Cudi,https://genius.com/artists/Kid-cudi,NA,NA,0.008385744234800839,20
CuDi Spazzin',4,479,yo,2008-07-17,A Kid Named Cudi,https://images.genius.com/4fb504d5b4dda8a236c224bb1cc11e2a.800x800x1.jpg,23205,26037,https://genius.com/Kid-cudi-cudi-spazzin-lyrics,12,68,Kid Cudi,https://genius.com/artists/Kid-cudi,4424,https://genius.com/albums/Kid-cudi/A-kid-named-cudi,0.008281573498964804,10
Pillow Talk,2,247,ay,2008-07-17,A Kid Named Cudi,https://images.genius.com/4fb504d5b4dda8a236c224bb1cc11e2a.800x800x1.jpg,42380,5205,https://genius.com/Kid-cudi-pillow-talk-lyrics,2,68,Kid Cudi,https://genius.com/artists/Kid-cudi,4424,https://genius.com/albums/Kid-cudi/A-kid-named-cudi,0.008032128514056224,11
Angered Kids,1,125,oh,2015-12-04,Speedin’ Bullet 2 Heaven,https://images.genius.com/854fa85e9ebd6f2af80c0040cdd56b2e.1000x1000x1.jpg,12519,2375544,https://genius.com/Kid-cudi-angered-kids-lyrics,1,68,Kid Cudi,https://genius.com/artists/Kid-cudi,128397,https://genius.com/albums/Kid-cudi/Speedin-bullet-2-heaven,0.007936507936507936,15
I'm Not the Average,4,537,oh,NA,Rap Hard,https://images.genius.com/0aab2c3a8fe65902dd9bea31a7460a32.706x706x1.png,5072,125405,https://genius.com/Kid-cudi-im-not-the-average-lyrics,2,68,Kid Cudi,https://genius.com/artists/Kid-cudi,13681,https://genius.com/albums/Kid-cudi/Rap-hard,0.0073937153419593345,5
Save My Soul (The Cudi Confession),2,297,oh,2008-07-17,A Kid Named Cudi,https://images.genius.com/4fb504d5b4dda8a236c224bb1cc11e2a.800x800x1.jpg,48443,26038,https://genius.com/Kid-cudi-save-my-soul-the-cudi-confession-lyrics,1,68,Kid Cudi,https://genius.com/artists/Kid-cudi,4424,https://genius.com/albums/Kid-cudi/A-kid-named-cudi,0.006688963210702341,12
Handle with Care,2,300,oh,2015-12-04,Speedin’ Bullet 2 Heaven,https://images.genius.com/854fa85e9ebd6f2af80c0040cdd56b2e.1000x1000x1.jpg,53695,2375540,https://genius.com/Kid-cudi-handle-with-care-lyrics,2,68,Kid Cudi,https://genius.com/artists/Kid-cudi,128397,https://genius.com/albums/Kid-cudi/Speedin-bullet-2-heaven,0.006622516556291391,16
CONFUSED!,2,317,ah,2015-08-01,Speedin’ Bullet 2 Heaven,https://images.rapgenius.com/ea7c6ef11bfafe965d1fe874b1949ca3.499x500x1.png,136661,2269754,https://genius.com/Kid-cudi-confused-lyrics,5,68,Kid Cudi,https://genius.com/artists/Kid-cudi,128397,https://genius.com/albums/Kid-cudi/Speedin-bullet-2-heaven,0.006269592476489028,17
Cruisin' (In the Evening) (Ft. In-Doe),3,479,hey,NA,NA,https://images.genius.com/ed8110f936431abefe3f091051fc41df.518x518x1.jpg,NA,114556,https://genius.com/Kid-cudi-cruisin-in-the-evening-lyrics,0,68,Kid Cudi,https://genius.com/artists/Kid-cudi,NA,NA,0.006224066390041493,21
"The End (Ft. GLC, King Chip & Nicole Wray)",4,654,hey,2010-11-09,Man on the Moon II: The Legend of Mr. Rager,https://images.genius.com/14137476a886859359839ede660df307.1000x1000x1.jpg,116890,1979,https://genius.com/Kid-cudi-the-end-lyrics,7,68,Kid Cudi,https://genius.com/artists/Kid-cudi,4428,https://genius.com/albums/Kid-cudi/Man-on-the-moon-ii-the-legend-of-mr-rager,0.0060790273556231,14
Girls (Ft. Too $hort),3,493,hmm,2013-04-02,Indicud,https://images.genius.com/699f98c18a6750dc382068fbcdbc0236.1000x1000x1.jpg,223803,128976,https://genius.com/Kid-cudi-girls-lyrics,6,68,Kid Cudi,https://genius.com/artists/Kid-cudi,20193,https://genius.com/albums/Kid-cudi/Indicud,0.006048387096774193,9
I Get It In,2,335,uh,NA,NA,https://images.genius.com/ed8110f936431abefe3f091051fc41df.518x518x1.jpg,NA,903045,https://genius.com/Kid-cudi-i-get-it-in-lyrics,1,68,Kid Cudi,https://genius.com/artists/Kid-cudi,NA,NA,0.005934718100890208,22
I Do My Thing (Ft. Snoop Dogg),3,530,nah,2010-03-08,NA,https://images.genius.com/4d910a0540cab0ece493c3ac87eca0ba.750x750x1.jpg,18871,54301,https://genius.com/Kid-cudi-i-do-my-thing-lyrics,1,68,Kid Cudi,https://genius.com/artists/Kid-cudi,NA,NA,0.005628517823639775,23
Maui Wowie,2,362,hey,2008-07-17,A Kid Named Cudi,https://images.genius.com/4fb504d5b4dda8a236c224bb1cc11e2a.800x800x1.jpg,55825,26036,https://genius.com/Kid-cudi-maui-wowie-lyrics,2,68,Kid Cudi,https://genius.com/artists/Kid-cudi,4424,https://genius.com/albums/Kid-cudi/A-kid-named-cudi,0.005494505494505495,13
Cudi Get,2,363,uh,2008-07-17,A Kid Named Cudi,https://images.genius.com/4fb504d5b4dda8a236c224bb1cc11e2a.800x800x1.jpg,28789,26039,https://genius.com/Kid-cudi-cudi-get-lyrics,3,68,Kid Cudi,https://genius.com/artists/Kid-cudi,4424,https://genius.com/albums/Kid-cudi/A-kid-named-cudi,0.005479452054794521,14
Never Come Down,4,787,yo,NA,Unreleased Songs,https://images.genius.com/9fabb84ec809cbf5e40551821fdb7582.600x600x1.png,18560,50121,https://genius.com/Kid-cudi-never-come-down-lyrics,2,68,Kid Cudi,https://genius.com/artists/Kid-cudi,663777,https://genius.com/albums/Kid-cudi/Unreleased-songs,0.0050568900126422255,2
50 Ways to Make a Record,1,211,oh,2008-07-17,A Kid Named Cudi,https://images.genius.com/4fb504d5b4dda8a236c224bb1cc11e2a.800x800x1.jpg,41999,6247,https://genius.com/Kid-cudi-50-ways-to-make-a-record-lyrics,0,68,Kid Cudi,https://genius.com/artists/Kid-cudi,4424,https://genius.com/albums/Kid-cudi/A-kid-named-cudi,0.0047169811320754715,15
Tree (Ft. Wiz Khalifa),2,433,woah,NA,NA,https://images.genius.com/ed8110f936431abefe3f091051fc41df.518x518x1.jpg,9702,50591,https://genius.com/Kid-cudi-tree-lyrics,1,68,Kid Cudi,https://genius.com/artists/Kid-cudi,NA,NA,0.004597701149425287,24
Swim in the Light,1,220,hmmm,2016-12-16,"Passion, Pain & Demon Slayin’",https://images.genius.com/f8865356fee027178c8a101afce2f61a.1000x1000x1.png,120489,2867504,https://genius.com/Kid-cudi-swim-in-the-light-lyrics,4,68,Kid Cudi,https://genius.com/artists/Kid-cudi,152011,https://genius.com/albums/Kid-cudi/Passion-pain-demon-slayin,0.004524886877828055,19
Skit - Jerry Maguire from Cleveland,1,221,yo,NA,Dat Kid From Cleveland,https://images.genius.com/1296191c98641182cc6ae0378210daf7.1000x1000x1.png,NA,182604,https://genius.com/Kid-cudi-skit-jerry-maguire-from-cleveland-lyrics,1,68,Kid Cudi,https://genius.com/artists/Kid-cudi,19137,https://genius.com/albums/Kid-cudi/Dat-kid-from-cleveland,0.0045045045045045045,6
Fade 2 Red,1,221,oh,2015-12-04,Speedin’ Bullet 2 Heaven,https://images.genius.com/854fa85e9ebd6f2af80c0040cdd56b2e.1000x1000x1.jpg,18496,2375536,https://genius.com/Kid-cudi-fade-2-red-lyrics,1,68,Kid Cudi,https://genius.com/artists/Kid-cudi,128397,https://genius.com/albums/Kid-cudi/Speedin-bullet-2-heaven,0.0045045045045045045,18
Simple As...,2,448,hmm,2009-09-15,Man on the Moon: The End of Day,https://images.genius.com/23da9eb13af7d717bed8f6bd5da7d419.1000x1000x1.png,100399,3342,https://genius.com/Kid-cudi-simple-as-lyrics,3,68,Kid Cudi,https://genius.com/artists/Kid-cudi,4427,https://genius.com/albums/Kid-cudi/Man-on-the-moon-the-end-of-day,0.0044444444444444444,7
Hero (Ft. Skylar Grey),1,231,oh,2014-03-11,Need For Speed (Original Motion Picture Soundtrack),https://images.genius.com/4665773264c3f3159572712c96fe5983.500x500x1.jpg,24080,379039,https://genius.com/Kid-cudi-hero-lyrics,9,68,Kid Cudi,https://genius.com/artists/Kid-cudi,361246,https://genius.com/albums/Various-artists/Need-for-speed-original-motion-picture-soundtrack,0.004310344827586207,1
Goodbye,2,470,ahhhh,2016-06-24,NA,https://images.genius.com/9f350116bdcbbe6140e3d63706d893cb.500x500x1.jpg,20577,2673516,https://genius.com/Kid-cudi-goodbye-lyrics,10,68,Kid Cudi,https://genius.com/artists/Kid-cudi,NA,NA,0.00423728813559322,25
Sky High,1,244,hey,2009-04-22,Dat Kid From Cleveland,https://images.genius.com/1296191c98641182cc6ae0378210daf7.1000x1000x1.png,5195,81247,https://genius.com/Kid-cudi-sky-high-lyrics,3,68,Kid Cudi,https://genius.com/artists/Kid-cudi,19137,https://genius.com/albums/Kid-cudi/Dat-kid-from-cleveland,0.004081632653061225,7
Excuse My Mood,1,246,ah,2009-06-16,NA,https://images.genius.com/ed8110f936431abefe3f091051fc41df.518x518x1.jpg,NA,2894773,https://genius.com/Kid-cudi-excuse-my-mood-lyrics,0,68,Kid Cudi,https://genius.com/artists/Kid-cudi,NA,NA,0.004048582995951417,26
Pushing Niggas,2,494,nah,NA,Rap Hard,https://images.genius.com/0aab2c3a8fe65902dd9bea31a7460a32.706x706x1.png,NA,240255,https://genius.com/Kid-cudi-pushing-niggas-lyrics,0,68,Kid Cudi,https://genius.com/artists/Kid-cudi,13681,https://genius.com/albums/Kid-cudi/Rap-hard,0.004032258064516129,6
Enter Galactic (Love Connection Part I),2,494,ay,2009-09-15,Man on the Moon: The End of Day,https://images.genius.com/23da9eb13af7d717bed8f6bd5da7d419.1000x1000x1.png,134211,51716,https://genius.com/Kid-cudi-enter-galactic-love-connection-part-i-lyrics,3,68,Kid Cudi,https://genius.com/artists/Kid-cudi,4427,https://genius.com/albums/Kid-cudi/Man-on-the-moon-the-end-of-day,0.004032258064516129,8
JFKPSA,1,250,hey,2015-08-06,NA,https://images.genius.com/a8ea86418a06ce797848a7dd271bee44.500x500x1.jpg,NA,2275993,https://genius.com/Kid-cudi-jfkpsa-lyrics,6,68,Kid Cudi,https://genius.com/artists/Kid-cudi,NA,NA,0.00398406374501992,27
Fairy Tale Remains,1,258,oh,2015-12-04,Speedin’ Bullet 2 Heaven,https://images.genius.com/854fa85e9ebd6f2af80c0040cdd56b2e.1000x1000x1.jpg,18996,2375543,https://genius.com/Kid-cudi-fairy-tale-remains-lyrics,1,68,Kid Cudi,https://genius.com/artists/Kid-cudi,128397,https://genius.com/albums/Kid-cudi/Speedin-bullet-2-heaven,0.003861003861003861,19
Up Up & Away,2,524,hey,2009-09-15,Man on the Moon: The End of Day,https://images.genius.com/23da9eb13af7d717bed8f6bd5da7d419.1000x1000x1.png,194560,778,https://genius.com/Kid-cudi-up-up-and-away-lyrics,10,68,Kid Cudi,https://genius.com/artists/Kid-cudi,4427,https://genius.com/albums/Kid-cudi/Man-on-the-moon-the-end-of-day,0.0038022813688212928,9
"Drake Diss, ""Money, Cash, Hoes Needs to be Deaded"" [Arsenio Hall Appearance]",1,271,oh,NA,NA,https://images.genius.com/ed8110f936431abefe3f091051fc41df.518x518x1.jpg,NA,383508,https://genius.com/Kid-cudi-drake-diss-money-cash-hoes-needs-to-be-deaded-arsenio-hall-appearance-annotated,5,68,Kid Cudi,https://genius.com/artists/Kid-cudi,NA,NA,0.003676470588235294,28
Bigger Than You (Do It Alone),1,298,hey,NA,NA,https://images.genius.com/ed8110f936431abefe3f091051fc41df.518x518x1.jpg,72569,50115,https://genius.com/Kid-cudi-bigger-than-you-do-it-alone-lyrics,1,68,Kid Cudi,https://genius.com/artists/Kid-cudi,NA,NA,0.0033444816053511705,29
MANIAC (Ft. Cage & St. Vincent),1,305,hey,2010-11-09,Man on the Moon II: The Legend of Mr. Rager,https://images.genius.com/14137476a886859359839ede660df307.1000x1000x1.jpg,144084,2741,https://genius.com/Kid-cudi-maniac-lyrics,2,68,Kid Cudi,https://genius.com/artists/Kid-cudi,4428,https://genius.com/albums/Kid-cudi/Man-on-the-moon-ii-the-legend-of-mr-rager,0.0032679738562091504,15
Red Sabbath,1,312,oh,2015-12-04,Speedin’ Bullet 2 Heaven,https://images.genius.com/854fa85e9ebd6f2af80c0040cdd56b2e.1000x1000x1.jpg,16768,2375545,https://genius.com/Kid-cudi-red-sabbath-lyrics,1,68,Kid Cudi,https://genius.com/artists/Kid-cudi,128397,https://genius.com/albums/Kid-cudi/Speedin-bullet-2-heaven,0.003194888178913738,20
Can I Be,1,314,huh,2009-04-20,Dat Kid From Cleveland,https://images.genius.com/1296191c98641182cc6ae0378210daf7.1000x1000x1.png,NA,145660,https://genius.com/Kid-cudi-can-i-be-lyrics,2,68,Kid Cudi,https://genius.com/artists/Kid-cudi,19137,https://genius.com/albums/Kid-cudi/Dat-kid-from-cleveland,0.0031746031746031746,8
Call Me Moon Man,1,324,oh,NA,NA,https://images.genius.com/ed8110f936431abefe3f091051fc41df.518x518x1.jpg,7575,4926,https://genius.com/Kid-cudi-call-me-moon-man-lyrics,8,68,Kid Cudi,https://genius.com/artists/Kid-cudi,NA,NA,0.003076923076923077,30
I Be High,2,706,hey,NA,NA,https://images.genius.com/ed8110f936431abefe3f091051fc41df.518x518x1.jpg,23447,1509148,https://genius.com/Kid-cudi-i-be-high-lyrics,0,68,Kid Cudi,https://genius.com/artists/Kid-cudi,NA,NA,0.002824858757062147,31
"Dennis, Hook Me Up with Some More of That Whiskey!",1,377,ay,2012-04-25,NA,https://images.genius.com/97c862185b920d8a9bd0566ff070e020.500x500x1.jpg,53219,72408,https://genius.com/Kid-cudi-dennis-hook-me-up-with-some-more-of-that-whiskey-lyrics,7,68,Kid Cudi,https://genius.com/artists/Kid-cudi,NA,NA,0.0026455026455026454,32
Spontaneously Combust,2,758,nah,NA,Rap Hard,https://images.genius.com/0aab2c3a8fe65902dd9bea31a7460a32.706x706x1.png,NA,2438323,https://genius.com/Kid-cudi-spontaneously-combust-lyrics,2,68,Kid Cudi,https://genius.com/artists/Kid-cudi,13681,https://genius.com/albums/Kid-cudi/Rap-hard,0.002631578947368421,7
Mad Solar,1,445,oh,2013-04-12,Indicud,https://images.genius.com/699f98c18a6750dc382068fbcdbc0236.1000x1000x1.jpg,153650,133895,https://genius.com/Kid-cudi-mad-solar-lyrics,8,68,Kid Cudi,https://genius.com/artists/Kid-cudi,20193,https://genius.com/albums/Kid-cudi/Indicud,0.002242152466367713,10
Is There Any Love? (Ft. Wale),1,487,uh,2008-07-17,A Kid Named Cudi,https://images.genius.com/4fb504d5b4dda8a236c224bb1cc11e2a.800x800x1.jpg,53965,2086,https://genius.com/Kid-cudi-is-there-any-love-lyrics,2,68,Kid Cudi,https://genius.com/artists/Kid-cudi,4424,https://genius.com/albums/Kid-cudi/A-kid-named-cudi,0.0020491803278688526,16
Daps and Pounds,1,503,oh,2009-04-22,Dat Kid From Cleveland,https://images.genius.com/1296191c98641182cc6ae0378210daf7.1000x1000x1.png,13448,4261,https://genius.com/Kid-cudi-daps-and-pounds-lyrics,2,68,Kid Cudi,https://genius.com/artists/Kid-cudi,19137,https://genius.com/albums/Kid-cudi/Dat-kid-from-cleveland,0.001984126984126984,9
Just What I Am (Ft. King Chip),1,516,hm,2012-10-02,Indicud,https://images.genius.com/56dcad99efdaf894b78b8a9cecdf0a55.900x900x1.jpg,1209984,84641,https://genius.com/Kid-cudi-just-what-i-am-lyrics,18,68,Kid Cudi,https://genius.com/artists/Kid-cudi,20193,https://genius.com/albums/Kid-cudi/Indicud,0.0019342359767891683,11
Too Bad I Have To Destroy You Now,1,521,la,2014-02-25,KiD CuDi presents SATELLITE FLIGHT: The journey to Mother Moon,https://images.genius.com/f93aafaafd092a8bb9b2224aea7385f6.670x670x1.jpg,202962,369626,https://genius.com/Kid-cudi-too-bad-i-have-to-destroy-you-now-lyrics,15,68,Kid Cudi,https://genius.com/artists/Kid-cudi,67138,https://genius.com/albums/Kid-cudi/Kid-cudi-presents-satellite-flight-the-journey-to-mother-moon,0.0019157088122605363,6
Switching Lanes,1,521,uh,2009-04-22,Dat Kid From Cleveland,https://images.genius.com/1296191c98641182cc6ae0378210daf7.1000x1000x1.png,13478,2767,https://genius.com/Kid-cudi-switching-lanes-lyrics,1,68,Kid Cudi,https://genius.com/artists/Kid-cudi,19137,https://genius.com/albums/Kid-cudi/Dat-kid-from-cleveland,0.0019157088122605363,10
Cudi Zone,1,571,nah,2009-09-15,Man on the Moon: The End of Day,https://images.genius.com/23da9eb13af7d717bed8f6bd5da7d419.1000x1000x1.png,235040,1079,https://genius.com/Kid-cudi-cudi-zone-lyrics,10,68,Kid Cudi,https://genius.com/artists/Kid-cudi,4427,https://genius.com/albums/Kid-cudi/Man-on-the-moon-the-end-of-day,0.0017482517482517483,10
Get It In,1,659,oh,NA,NA,https://images.genius.com/ed8110f936431abefe3f091051fc41df.518x518x1.jpg,NA,62850,https://genius.com/Kid-cudi-get-it-in-lyrics,0,68,Kid Cudi,https://genius.com/artists/Kid-cudi,NA,NA,0.0015151515151515152,33
Young Lady (Ft. Father John Misty),0,329,NONE,2013-04-12,Indicud,https://images.genius.com/699f98c18a6750dc382068fbcdbc0236.1000x1000x1.jpg,168314,133891,https://genius.com/Kid-cudi-young-lady-lyrics,3,68,Kid Cudi,https://genius.com/artists/Kid-cudi,20193,https://genius.com/albums/Kid-cudi/Indicud,0,12
XX Intro Freestyle,0,2,NONE,2011-12-10,NA,https://images.genius.com/ed8110f936431abefe3f091051fc41df.518x518x1.jpg,NA,623713,https://genius.com/Kid-cudi-xx-intro-freestyle-lyrics,1,68,Kid Cudi,https://genius.com/artists/Kid-cudi,NA,NA,0,34
Won't You Tell Me (Ft. Ricky Hil),0,254,NONE,2010-04-11,BUM ASS SHIT,https://images.genius.com/fa377065c33ec0db01d1514c5e4e2c70.300x300x1.jpg,NA,112533,https://genius.com/Kid-cudi-wont-you-tell-me-lyrics,0,68,Kid Cudi,https://genius.com/artists/Kid-cudi,554759,https://genius.com/albums/Casey-veggies-and-rich-hil/Bum-ass-shit,0,1
Wild'n Cuz I'm Young,0,573,NONE,2010-11-09,Man on the Moon II: The Legend of Mr. Rager,https://images.genius.com/14137476a886859359839ede660df307.1000x1000x1.jpg,63257,26056,https://genius.com/Kid-cudi-wildn-cuz-im-young-lyrics,9,68,Kid Cudi,https://genius.com/artists/Kid-cudi,4428,https://genius.com/albums/Kid-cudi/Man-on-the-moon-ii-the-legend-of-mr-rager,0,16
Whenever,0,268,NONE,2008-07-17,A Kid Named Cudi,https://images.genius.com/4fb504d5b4dda8a236c224bb1cc11e2a.800x800x1.jpg,29150,4107,https://genius.com/Kid-cudi-whenever-lyrics,1,68,Kid Cudi,https://genius.com/artists/Kid-cudi,4424,https://genius.com/albums/Kid-cudi/A-kid-named-cudi,0,17
Welcome To The World,0,310,NONE,NA,NA,https://images.genius.com/ed8110f936431abefe3f091051fc41df.518x518x1.jpg,NA,1831347,https://genius.com/Kid-cudi-welcome-to-the-world-lyrics,1,68,Kid Cudi,https://genius.com/artists/Kid-cudi,NA,NA,0,35
Wedding Tux,0,141,NONE,2015-12-04,Speedin’ Bullet 2 Heaven,https://images.genius.com/854fa85e9ebd6f2af80c0040cdd56b2e.1000x1000x1.jpg,38034,2321493,https://genius.com/Kid-cudi-wedding-tux-lyrics,2,68,Kid Cudi,https://genius.com/artists/Kid-cudi,128397,https://genius.com/albums/Kid-cudi/Speedin-bullet-2-heaven,0,21
WAIT! (Rehearsal Demo),0,100,NONE,2015-12-04,Speedin’ Bullet 2 Heaven,https://images.genius.com/854fa85e9ebd6f2af80c0040cdd56b2e.1000x1000x1.jpg,5943,2375552,https://genius.com/Kid-cudi-wait-rehearsal-demo-lyrics,0,68,Kid Cudi,https://genius.com/artists/Kid-cudi,128397,https://genius.com/albums/Kid-cudi/Speedin-bullet-2-heaven,0,22
Troubled Boy,0,178,NONE,2014-02-25,KiD CuDi presents SATELLITE FLIGHT: The journey to Mother Moon,https://images.genius.com/f93aafaafd092a8bb9b2224aea7385f6.670x670x1.jpg,48094,369634,https://genius.com/Kid-cudi-troubled-boy-lyrics,8,68,Kid Cudi,https://genius.com/artists/Kid-cudi,67138,https://genius.com/albums/Kid-cudi/Kid-cudi-presents-satellite-flight-the-journey-to-mother-moon,0,7
Trippy (Ft. Ricky Hil),0,240,NONE,2010-01-01,NA,https://images.genius.com/ed8110f936431abefe3f091051fc41df.518x518x1.jpg,10752,51526,https://genius.com/Kid-cudi-trippy-lyrics,17,68,Kid Cudi,https://genius.com/artists/Kid-cudi,NA,NA,0,40
Trauma,0,109,NONE,2015-12-04,Speedin’ Bullet 2 Heaven,https://images.genius.com/854fa85e9ebd6f2af80c0040cdd56b2e.1000x1000x1.jpg,19766,2375551,https://genius.com/Kid-cudi-trauma-lyrics,2,68,Kid Cudi,https://genius.com/artists/Kid-cudi,128397,https://genius.com/albums/Kid-cudi/Speedin-bullet-2-heaven,0,23
To Da Top,0,533,NONE,NA,NA,https://images.genius.com/ed8110f936431abefe3f091051fc41df.518x518x1.jpg,NA,58737,https://genius.com/Kid-cudi-to-da-top-lyrics,1,68,Kid Cudi,https://genius.com/artists/Kid-cudi,NA,NA,0,41
These Worries (Ft. Mary J. Blige),0,333,NONE,2010-11-09,Man on the Moon II: The Legend of Mr. Rager,https://images.genius.com/14137476a886859359839ede660df307.1000x1000x1.jpg,122760,3533,https://genius.com/Kid-cudi-these-worries-lyrics,6,68,Kid Cudi,https://genius.com/artists/Kid-cudi,4428,https://genius.com/albums/Kid-cudi/Man-on-the-moon-ii-the-legend-of-mr-rager,0,17
The Resurrection of Scott Mescudi,0,12,NONE,2013-04-12,Indicud,https://images.genius.com/699f98c18a6750dc382068fbcdbc0236.1000x1000x1.jpg,44873,133889,https://genius.com/Kid-cudi-the-resurrection-of-scott-mescudi-lyrics,2,68,Kid Cudi,https://genius.com/artists/Kid-cudi,20193,https://genius.com/albums/Kid-cudi/Indicud,0,13
The Nothing,0,120,NONE,2015-12-04,Speedin’ Bullet 2 Heaven,https://images.genius.com/854fa85e9ebd6f2af80c0040cdd56b2e.1000x1000x1.jpg,22741,2375538,https://genius.com/Kid-cudi-the-nothing-lyrics,1,68,Kid Cudi,https://genius.com/artists/Kid-cudi,128397,https://genius.com/albums/Kid-cudi/Speedin-bullet-2-heaven,0,24
The Mood,0,239,NONE,2010-11-09,Man on the Moon II: The Legend of Mr. Rager,https://images.genius.com/14137476a886859359839ede660df307.1000x1000x1.jpg,67185,2421,https://genius.com/Kid-cudi-the-mood-lyrics,2,68,Kid Cudi,https://genius.com/artists/Kid-cudi,4428,https://genius.com/albums/Kid-cudi/Man-on-the-moon-ii-the-legend-of-mr-rager,0,18
Super Boo,0,471,NONE,2009-04-22,Dat Kid From Cleveland,https://images.genius.com/1296191c98641182cc6ae0378210daf7.1000x1000x1.png,12418,2413,https://genius.com/Kid-cudi-super-boo-lyrics,2,68,Kid Cudi,https://genius.com/artists/Kid-cudi,19137,https://genius.com/albums/Kid-cudi/Dat-kid-from-cleveland,0,11
Stubborn*,0,33,NONE,NA,Entergalactic,https://images.genius.com/e5f1d8abfe9ba18e1162aeb95122089c.519x519x1.png,NA,5412452,https://genius.com/Kid-cudi-stubborn-lyrics,1,68,Kid Cudi,https://genius.com/artists/Kid-cudi,661351,https://genius.com/albums/Kid-cudi/Entergalactic,0,5
Silent Fire,0,68,NONE,2015-11-09,Speedin’ Bullet 2 Heaven,https://images.genius.com/854fa85e9ebd6f2af80c0040cdd56b2e.1000x1000x1.jpg,NA,2363603,https://genius.com/Kid-cudi-silent-fire-annotated,2,68,Kid Cudi,https://genius.com/artists/Kid-cudi,128397,https://genius.com/albums/Kid-cudi/Speedin-bullet-2-heaven,0,25
Shed A Little Light,0,480,NONE,NA,Rap Hard,https://images.genius.com/0aab2c3a8fe65902dd9bea31a7460a32.706x706x1.png,NA,166491,https://genius.com/Kid-cudi-shed-a-little-light-lyrics,1,68,Kid Cudi,https://genius.com/artists/Kid-cudi,13681,https://genius.com/albums/Kid-cudi/Rap-hard,0,8
Satellite Flight: The Journey to Mother Moon Album Art,0,54,NONE,NA,NA,https://images.genius.com/ed8110f936431abefe3f091051fc41df.518x518x1.jpg,11886,369652,https://genius.com/Kid-cudi-satellite-flight-the-journey-to-mother-moon-album-art-annotated,3,68,Kid Cudi,https://genius.com/artists/Kid-cudi,NA,NA,0,42
SATELLITE FLIGHT,0,376,NONE,2013-12-16,KiD CuDi presents SATELLITE FLIGHT: The journey to Mother Moon,https://images.rapgenius.com/39113c8c5219d66bc3d736ede26c291c.600x600x1.jpg,131298,304906,https://genius.com/Kid-cudi-satellite-flight-lyrics,9,68,Kid Cudi,https://genius.com/artists/Kid-cudi,67138,https://genius.com/albums/Kid-cudi/Kid-cudi-presents-satellite-flight-the-journey-to-mother-moon,0,8
Rap Hard (Intro),0,111,NONE,NA,Rap Hard,https://images.genius.com/0aab2c3a8fe65902dd9bea31a7460a32.706x706x1.png,NA,2956515,https://genius.com/Kid-cudi-rap-hard-intro-lyrics,1,68,Kid Cudi,https://genius.com/artists/Kid-cudi,13681,https://genius.com/albums/Kid-cudi/Rap-hard,0,9
Rainy Days,0,618,NONE,2011-11-21,NA,https://images.genius.com/ed8110f936431abefe3f091051fc41df.518x518x1.jpg,NA,4775396,https://genius.com/Kid-cudi-rainy-days-lyrics,1,68,Kid Cudi,https://genius.com/artists/Kid-cudi,NA,NA,0,43
Rain day,0,531,NONE,NA,NA,https://images.genius.com/ed8110f936431abefe3f091051fc41df.518x518x1.jpg,NA,83446,https://genius.com/Kid-cudi-rain-day-lyrics,1,68,Kid Cudi,https://genius.com/artists/Kid-cudi,NA,NA,0,44
Rain,0,601,NONE,2011-11-21,NA,https://images.genius.com/ed8110f936431abefe3f091051fc41df.518x518x1.jpg,31662,59583,https://genius.com/Kid-cudi-rain-lyrics,2,68,Kid Cudi,https://genius.com/artists/Kid-cudi,NA,NA,0,45
Pimpin',0,408,NONE,NA,Rap Hard,https://images.genius.com/0aab2c3a8fe65902dd9bea31a7460a32.706x706x1.png,NA,61124,https://genius.com/Kid-cudi-pimpin-lyrics,0,68,Kid Cudi,https://genius.com/artists/Kid-cudi,13681,https://genius.com/albums/Kid-cudi/Rap-hard,0,10
No One Believes Me,0,131,NONE,2011-08-22,NA,https://images.genius.com/8f61686bc50bcef7866358987e6daa57.500x500x1.jpg,63937,54168,https://genius.com/Kid-cudi-no-one-believes-me-lyrics,3,68,Kid Cudi,https://genius.com/artists/Kid-cudi,NA,NA,0,46
Mr. K.I.D.,0,415,NONE,NA,NA,https://images.genius.com/ed8110f936431abefe3f091051fc41df.518x518x1.jpg,NA,59580,https://genius.com/Kid-cudi-mr-kid-lyrics,0,68,Kid Cudi,https://genius.com/artists/Kid-cudi,NA,NA,0,47
Love.,0,458,NONE,2015-03-03,NA,https://images.genius.com/ed8110f936431abefe3f091051fc41df.518x518x1.jpg,269849,716442,https://genius.com/Kid-cudi-love-lyrics,12,68,Kid Cudi,https://genius.com/artists/Kid-cudi,NA,NA,0,48
Lord of the Sad and Lonely,0,566,NONE,2013-04-12,Indicud,https://images.genius.com/699f98c18a6750dc382068fbcdbc0236.1000x1000x1.jpg,112750,133900,https://genius.com/Kid-cudi-lord-of-the-sad-and-lonely-lyrics,14,68,Kid Cudi,https://genius.com/artists/Kid-cudi,20193,https://genius.com/albums/Kid-cudi/Indicud,0,14
Look Up In Da Stars (Ft. Wale),0,347,NONE,2009-04-22,Dat Kid From Cleveland,https://images.genius.com/1296191c98641182cc6ae0378210daf7.1000x1000x1.png,10113,49380,https://genius.com/Kid-cudi-look-up-in-da-stars-lyrics,4,68,Kid Cudi,https://genius.com/artists/Kid-cudi,19137,https://genius.com/albums/Kid-cudi/Dat-kid-from-cleveland,0,12
London Girls,0,256,NONE,NA,NA,https://images.genius.com/ed8110f936431abefe3f091051fc41df.518x518x1.jpg,NA,53743,https://genius.com/Kid-cudi-london-girls-lyrics,0,68,Kid Cudi,https://genius.com/artists/Kid-cudi,NA,NA,0,49
King Wizard,0,507,NONE,2012-12-17,Indicud,https://images.genius.com/6f3ec97c0fffdbf7f95c211f33c0f79a.600x600x1.jpg,376824,86939,https://genius.com/Kid-cudi-king-wizard-lyrics,1,68,Kid Cudi,https://genius.com/artists/Kid-cudi,20193,https://genius.com/albums/Kid-cudi/Indicud,0,15
Kid Cudi Geneseo Freestyle,0,2,NONE,2012-04-22,NA,https://images.genius.com/ed8110f936431abefe3f091051fc41df.518x518x1.jpg,NA,623720,https://genius.com/Kid-cudi-kid-cudi-geneseo-freestyle-lyrics,1,68,Kid Cudi,https://genius.com/artists/Kid-cudi,NA,NA,0,50
Kid Cudi Freestyle - 2009 XXL Freshman,0,288,NONE,2009-01-01,NA,https://images.genius.com/ed8110f936431abefe3f091051fc41df.518x518x1.jpg,NA,4655772,https://genius.com/Kid-cudi-kid-cudi-freestyle-2009-xxl-freshman-lyrics,0,68,Kid Cudi,https://genius.com/artists/Kid-cudi,NA,NA,0,51
Kid Cudi DJ Enuff Freestyle,0,410,NONE,NA,NA,https://images.genius.com/ed8110f936431abefe3f091051fc41df.518x518x1.jpg,NA,450495,https://genius.com/Kid-cudi-kid-cudi-dj-enuff-freestyle-lyrics,6,68,Kid Cudi,https://genius.com/artists/Kid-cudi,NA,NA,0,52
In My Dreams (Cudder Anthem),0,288,NONE,2009-09-15,Man on the Moon: The End of Day,https://images.genius.com/23da9eb13af7d717bed8f6bd5da7d419.1000x1000x1.png,99889,3714,https://genius.com/Kid-cudi-in-my-dreams-cudder-anthem-lyrics,4,68,Kid Cudi,https://genius.com/artists/Kid-cudi,4427,https://genius.com/albums/Kid-cudi/Man-on-the-moon-the-end-of-day,0,11
Highs N' Lows,0,707,NONE,2008-07-17,NA,https://images.genius.com/ed8110f936431abefe3f091051fc41df.518x518x1.jpg,37724,50991,https://genius.com/Kid-cudi-highs-n-lows-lyrics,4,68,Kid Cudi,https://genius.com/artists/Kid-cudi,NA,NA,0,53
Higher Up,0,216,NONE,2009-04-22,Dat Kid From Cleveland,https://images.genius.com/1296191c98641182cc6ae0378210daf7.1000x1000x1.png,15208,59401,https://genius.com/Kid-cudi-higher-up-lyrics,1,68,Kid Cudi,https://genius.com/artists/Kid-cudi,19137,https://genius.com/albums/Kid-cudi/Dat-kid-from-cleveland,0,13
Heart of a Lion (Kid Cudi Theme Music),0,639,NONE,2009-09-15,Man on the Moon: The End of Day,https://images.genius.com/23da9eb13af7d717bed8f6bd5da7d419.1000x1000x1.png,172583,431,https://genius.com/Kid-cudi-heart-of-a-lion-kid-cudi-theme-music-lyrics,9,68,Kid Cudi,https://genius.com/artists/Kid-cudi,4427,https://genius.com/albums/Kid-cudi/Man-on-the-moon-the-end-of-day,0,12
Get Ya Mind Correct,0,816,NONE,NA,Rap Hard,https://images.genius.com/0aab2c3a8fe65902dd9bea31a7460a32.706x706x1.png,NA,2429689,https://genius.com/Kid-cudi-get-ya-mind-correct-lyrics,0,68,Kid Cudi,https://genius.com/artists/Kid-cudi,13681,https://genius.com/albums/Kid-cudi/Rap-hard,0,11
Falling Star,0,152,NONE,NA,NA,https://images.genius.com/ed8110f936431abefe3f091051fc41df.518x518x1.jpg,29088,58388,https://genius.com/Kid-cudi-falling-star-lyrics,1,68,Kid Cudi,https://genius.com/artists/Kid-cudi,NA,NA,0,54
Embers,0,209,NONE,2015-12-04,Speedin’ Bullet 2 Heaven,https://images.genius.com/854fa85e9ebd6f2af80c0040cdd56b2e.1000x1000x1.jpg,30871,2383403,https://genius.com/Kid-cudi-embers-lyrics,3,68,Kid Cudi,https://genius.com/artists/Kid-cudi,128397,https://genius.com/albums/Kid-cudi/Speedin-bullet-2-heaven,0,26
Elsie’s Baby Boy (flashback),0,275,NONE,2020-12-11,Man on the Moon III: The Chosen,https://images.genius.com/07a3deb92bfe7c78f95add89edc0e5ed.1000x1000x1.png,71727,6250776,https://genius.com/Kid-cudi-elsies-baby-boy-flashback-lyrics,7,68,Kid Cudi,https://genius.com/artists/Kid-cudi,692902,https://genius.com/albums/Kid-cudi/Man-on-the-moon-iii-the-chosen,0,16
Drop (Freestyle),0,380,NONE,NA,NA,https://images.genius.com/ed8110f936431abefe3f091051fc41df.518x518x1.jpg,NA,173961,https://genius.com/Kid-cudi-drop-freestyle-lyrics,20,68,Kid Cudi,https://genius.com/artists/Kid-cudi,NA,NA,0,55
"Dat New ""New""",0,607,NONE,2008-12-01,NA,https://images.genius.com/ebcb77757c612f25684d71737b331002.600x600x1.jpg,154049,831,https://genius.com/Kid-cudi-dat-new-new-lyrics,6,68,Kid Cudi,https://genius.com/artists/Kid-cudi,NA,NA,0,56
Change (Outro),0,109,NONE,NA,NA,https://images.genius.com/ed8110f936431abefe3f091051fc41df.518x518x1.jpg,NA,4311297,https://genius.com/Kid-cudi-change-outro-lyrics,1,68,Kid Cudi,https://genius.com/artists/Kid-cudi,NA,NA,0,57
Champions (Ft. Trippie Redd),0,1,NONE,NA,NA,https://images.genius.com/ed8110f936431abefe3f091051fc41df.518x518x1.jpg,NA,5228388,https://genius.com/Kid-cudi-champions-lyrics,0,68,Kid Cudi,https://genius.com/artists/Kid-cudi,NA,NA,0,58
Capcom,0,379,NONE,NA,NA,https://images.genius.com/ed8110f936431abefe3f091051fc41df.518x518x1.jpg,NA,6180,https://genius.com/Kid-cudi-capcom-lyrics,2,68,Kid Cudi,https://genius.com/artists/Kid-cudi,NA,NA,0,59
Angels & Demons,0,390,NONE,NA,NA,https://images.genius.com/ed8110f936431abefe3f091051fc41df.518x518x1.jpg,7762,52676,https://genius.com/Kid-cudi-angels-and-demons-lyrics,1,68,Kid Cudi,https://genius.com/artists/Kid-cudi,NA,NA,0,60
Afterwards (Bring Yo Friends) (Ft. King Chip & Michael Bolton),0,393,NONE,2013-04-12,Indicud,https://images.genius.com/699f98c18a6750dc382068fbcdbc0236.1000x1000x1.jpg,47394,133902,https://genius.com/Kid-cudi-afterwards-bring-yo-friends-lyrics,2,68,Kid Cudi,https://genius.com/artists/Kid-cudi,20193,https://genius.com/albums/Kid-cudi/Indicud,0,16
09' Freestyle,0,421,NONE,2009-04-22,Dat Kid From Cleveland,https://images.genius.com/1296191c98641182cc6ae0378210daf7.1000x1000x1.png,15430,63119,https://genius.com/Kid-cudi-09-freestyle-lyrics,3,68,Kid Cudi,https://genius.com/artists/Kid-cudi,19137,https://genius.com/albums/Kid-cudi/Dat-kid-from-cleveland,0,14
