song_name,n_hums,n_regulars,most_common_hum,song_release_date,album_name,song_art_image_url,song_pageviews,song_id,percent_hums,song_lyrics_url,song_annotation_count,artist_id,artist_name,artist_url,album_id,album_url,rank
Beautiful Trip,3,4,oh,2020-12-11,Man on the Moon III: The Chosen,https://images.genius.com/07a3deb92bfe7c78f95add89edc0e5ed.1000x1000x1.png,47441,6250761,0.42857142857142855,https://genius.com/Kid-cudi-beautiful-trip-lyrics,3,68,Kid Cudi,https://genius.com/artists/Kid-cudi,692902,https://genius.com/albums/Kid-cudi/Man-on-the-moon-iii-the-chosen,1
Sept. 18,84,240,na,2020-09-18,NA,https://images.genius.com/26da54297be506aeebdbff03306223ad.640x640x1.jpg,NA,6850098,0.25925925925925924,https://genius.com/Kid-cudi-sept-18-lyrics,1,68,Kid Cudi,https://genius.com/artists/Kid-cudi,NA,NA,1
Sept. 16,84,240,na,2020-12-11,Man on the Moon III: The Chosen,https://images.genius.com/07a3deb92bfe7c78f95add89edc0e5ed.1000x1000x1.png,156363,6250777,0.25925925925925924,https://genius.com/Kid-cudi-sept-16-lyrics,9,68,Kid Cudi,https://genius.com/artists/Kid-cudi,692902,https://genius.com/albums/Kid-cudi/Man-on-the-moon-iii-the-chosen,2
Immortal,89,289,hmmm,2013-03-14,Indicud,https://images.genius.com/c3386ff460b47f648b1c6630fd54fdbb.500x500x1.jpg,347961,122383,0.23544973544973544,https://genius.com/Kid-cudi-immortal-lyrics,10,68,Kid Cudi,https://genius.com/artists/Kid-cudi,20193,https://genius.com/albums/Kid-cudi/Indicud,1
Pursuit Of Happiness (Nightmare) (Prime Day Show x Kid Cudi),94,350,na,2021-06-17,Prime Day Show x Kid Cudi,https://images.genius.com/db4578a0b4af70ee0a7ab5700d776dcb.600x600x1.jpg,NA,6922872,0.21171171171171171,https://genius.com/Kid-cudi-pursuit-of-happiness-nightmare-prime-day-show-x-kid-cudi-lyrics,0,68,Kid Cudi,https://genius.com/artists/Kid-cudi,784634,https://genius.com/albums/Kid-cudi/Prime-day-show-x-kid-cudi,1
Who I Am,52,203,oh,2009-01-01,NA,https://images.genius.com/26da54297be506aeebdbff03306223ad.640x640x1.jpg,NA,6659737,0.20392156862745098,https://genius.com/Kid-cudi-who-i-am-lyrics,1,68,Kid Cudi,https://genius.com/artists/Kid-cudi,NA,NA,2
The Rage,129,526,na,2018-04-13,Rampage (Original Motion Picture Soundtrack),https://images.genius.com/f4d2ec0f0f6affdb61e28bfb118a678a.1000x1000x1.jpg,45047,3646080,0.1969465648854962,https://genius.com/Kid-cudi-the-rage-lyrics,3,68,Kid Cudi,https://genius.com/artists/Kid-cudi,419298,https://genius.com/albums/Andrew-lockington/Rampage-original-motion-picture-soundtrack,1
Marijuana,66,298,la,2010-11-09,Man on the Moon II: The Legend of Mr. Rager,https://images.genius.com/14137476a886859359839ede660df307.1000x1000x1.jpg,239211,1835,0.1813186813186813,https://genius.com/Kid-cudi-marijuana-lyrics,4,68,Kid Cudi,https://genius.com/artists/Kid-cudi,4428,https://genius.com/albums/Kid-cudi/Man-on-the-moon-ii-the-legend-of-mr-rager,1
Alive (Nightmare) (Ft. Ratatat),78,355,na,2009-09-15,Man on the Moon: The End of Day,https://images.genius.com/23da9eb13af7d717bed8f6bd5da7d419.1000x1000x1.png,144561,4078,0.18013856812933027,https://genius.com/Kid-cudi-alive-nightmare-lyrics,3,68,Kid Cudi,https://genius.com/artists/Kid-cudi,4427,https://genius.com/albums/Kid-cudi/Man-on-the-moon-the-end-of-day,1
Killswitch,22,102,hmm,NA,KC9*,https://images.genius.com/26da54297be506aeebdbff03306223ad.640x640x1.jpg,NA,7227664,0.1774193548387097,https://genius.com/Kid-cudi-killswitch-lyrics,1,68,Kid Cudi,https://genius.com/artists/Kid-cudi,819200,https://genius.com/albums/Kid-cudi/Kc9,1
Insides Out,21,103,oh,2015-12-04,Speedin’ Bullet 2 Heaven,https://images.genius.com/b82971c3819d9daa88e4cd61713052a0.1000x1000x1.jpg,16672,2375553,0.1693548387096774,https://genius.com/Kid-cudi-insides-out-lyrics,1,68,Kid Cudi,https://genius.com/artists/Kid-cudi,128397,https://genius.com/albums/Kid-cudi/Speedin-bullet-2-heaven,1
Edge of the Earth / Post Mortem Boredom,41,215,na,2015-12-04,Speedin’ Bullet 2 Heaven,https://images.genius.com/b82971c3819d9daa88e4cd61713052a0.1000x1000x1.jpg,70873,2383401,0.16015625,https://genius.com/Kid-cudi-edge-of-the-earth-post-mortem-boredom-lyrics,6,68,Kid Cudi,https://genius.com/artists/Kid-cudi,128397,https://genius.com/albums/Kid-cudi/Speedin-bullet-2-heaven,2
In Love,55,300,mmm,2022-09-30,Entergalactic,https://images.genius.com/34e7d4bd13f663ceedcf6199559703e7.1000x1000x1.jpg,5683,8392239,0.15492957746478872,https://genius.com/Kid-cudi-in-love-lyrics,0,68,Kid Cudi,https://genius.com/artists/Kid-cudi,661351,https://genius.com/albums/Kid-cudi/Entergalactic,1
REVOFEV,47,264,ooh,2010-11-09,Man on the Moon II: The Legend of Mr. Rager,https://images.genius.com/14137476a886859359839ede660df307.1000x1000x1.jpg,140775,1873,0.15112540192926044,https://genius.com/Kid-cudi-revofev-lyrics,1,68,Kid Cudi,https://genius.com/artists/Kid-cudi,4428,https://genius.com/albums/Kid-cudi/Man-on-the-moon-ii-the-legend-of-mr-rager,2
She Knows This,79,472,mm,2020-12-11,Man on the Moon III: The Chosen,https://images.genius.com/07a3deb92bfe7c78f95add89edc0e5ed.1000x1000x1.png,179989,6250764,0.14337568058076225,https://genius.com/Kid-cudi-she-knows-this-lyrics,7,68,Kid Cudi,https://genius.com/artists/Kid-cudi,692902,https://genius.com/albums/Kid-cudi/Man-on-the-moon-iii-the-chosen,3
In My Dreams 2015,2,12,hey,2014-02-25,KiD CuDi presents SATELLITE FLIGHT: The journey to Mother Moon,https://images.genius.com/f93aafaafd092a8bb9b2224aea7385f6.670x670x1.jpg,26171,369632,0.14285714285714285,https://genius.com/Kid-cudi-in-my-dreams-2015-lyrics,3,68,Kid Cudi,https://genius.com/artists/Kid-cudi,67138,https://genius.com/albums/Kid-cudi/Kid-cudi-presents-satellite-flight-the-journey-to-mother-moon,1
Ignite The Love,33,199,hmm,2022-09-30,Entergalactic,https://images.genius.com/34e7d4bd13f663ceedcf6199559703e7.1000x1000x1.jpg,6183,8392238,0.14224137931034483,https://genius.com/Kid-cudi-ignite-the-love-lyrics,2,68,Kid Cudi,https://genius.com/artists/Kid-cudi,661351,https://genius.com/albums/Kid-cudi/Entergalactic,2
Moving Here (Ft. Skrillex),22,150,na,NA,S2*,https://images.genius.com/26da54297be506aeebdbff03306223ad.640x640x1.jpg,NA,6719406,0.12790697674418605,https://genius.com/Kid-cudi-moving-here-lyrics,1,68,Kid Cudi,https://genius.com/artists/Kid-cudi,588051,https://genius.com/albums/Skrillex/S2,1
Dive,35,247,ayy,2020-12-11,Man on the Moon III: The Chosen,https://images.genius.com/07a3deb92bfe7c78f95add89edc0e5ed.1000x1000x1.png,128948,6250765,0.12411347517730496,https://genius.com/Kid-cudi-dive-lyrics,4,68,Kid Cudi,https://genius.com/artists/Kid-cudi,692902,https://genius.com/albums/Kid-cudi/Man-on-the-moon-iii-the-chosen,4
Livin' My Truth,30,216,uh,2022-09-30,Entergalactic,https://images.genius.com/34e7d4bd13f663ceedcf6199559703e7.1000x1000x1.jpg,NA,8392244,0.12195121951219512,https://genius.com/Kid-cudi-livin-my-truth-lyrics,2,68,Kid Cudi,https://genius.com/artists/Kid-cudi,661351,https://genius.com/albums/Kid-cudi/Entergalactic,3
The Pale Moonlight,51,376,nah,2020-12-11,Man on the Moon III: The Chosen,https://images.genius.com/07a3deb92bfe7c78f95add89edc0e5ed.1000x1000x1.png,90538,6250780,0.11943793911007025,https://genius.com/Kid-cudi-the-pale-moonlight-lyrics,5,68,Kid Cudi,https://genius.com/artists/Kid-cudi,692902,https://genius.com/albums/Kid-cudi/Man-on-the-moon-iii-the-chosen,5
Make Her Say (I Poke Her Face) (Ft. Common & Kanye West),84,627,oh,2009-06-09,Dat Kid From Cleveland,https://images.genius.com/d5c7c90fc58965951da4af5a29cc5416.630x630x1.jpg,288052,404,0.11814345991561181,https://genius.com/Kid-cudi-make-her-say-i-poke-her-face-lyrics,17,68,Kid Cudi,https://genius.com/artists/Kid-cudi,19137,https://genius.com/albums/Kid-cudi/Dat-kid-from-cleveland,1
Lovin’ Me,26,200,la,2020-12-11,Man on the Moon III: The Chosen,https://images.genius.com/07a3deb92bfe7c78f95add89edc0e5ed.1000x1000x1.png,119268,6250779,0.11504424778761062,https://genius.com/Kid-cudi-lovin-me-lyrics,6,68,Kid Cudi,https://genius.com/artists/Kid-cudi,692902,https://genius.com/albums/Kid-cudi/Man-on-the-moon-iii-the-chosen,6
We Forever,10,81,uh,NA,NA,https://images.genius.com/26da54297be506aeebdbff03306223ad.640x640x1.jpg,NA,6652337,0.10989010989010989,https://genius.com/Kid-cudi-we-forever-lyrics,1,68,Kid Cudi,https://genius.com/artists/Kid-cudi,NA,NA,3
Flight at First Sight / Advanced (Ft. Pharrell Williams),74,606,bmm,2016-12-16,"Passion, Pain & Demon Slayin’",https://images.genius.com/f8865356fee027178c8a101afce2f61a.1000x1000x1.png,60694,2867465,0.10882352941176471,https://genius.com/Kid-cudi-flight-at-first-sight-advanced-lyrics,4,68,Kid Cudi,https://genius.com/artists/Kid-cudi,152011,https://genius.com/albums/Kid-cudi/Passion-pain-demon-slayin,1
Mr. Rager,47,397,oh,2010-11-09,Man on the Moon II: The Legend of Mr. Rager,https://images.genius.com/14137476a886859359839ede660df307.1000x1000x1.jpg,621885,1687,0.10585585585585586,https://genius.com/Kid-cudi-mr-rager-lyrics,13,68,Kid Cudi,https://genius.com/artists/Kid-cudi,4428,https://genius.com/albums/Kid-cudi/Man-on-the-moon-ii-the-legend-of-mr-rager,3
Rose Golden (Ft. WILLOW),59,501,na,2016-12-16,"Passion, Pain & Demon Slayin’",https://images.genius.com/f8865356fee027178c8a101afce2f61a.1000x1000x1.png,325588,2867524,0.10535714285714286,https://genius.com/Kid-cudi-rose-golden-lyrics,12,68,Kid Cudi,https://genius.com/artists/Kid-cudi,152011,https://genius.com/albums/Kid-cudi/Passion-pain-demon-slayin,2
ILLusions,41,353,ohh,2016-12-16,"Passion, Pain & Demon Slayin’",https://images.genius.com/f8865356fee027178c8a101afce2f61a.1000x1000x1.png,94779,2867519,0.10406091370558376,https://genius.com/Kid-cudi-illusions-lyrics,5,68,Kid Cudi,https://genius.com/artists/Kid-cudi,152011,https://genius.com/albums/Kid-cudi/Passion-pain-demon-slayin,3
Angel,11,95,mm,2022-09-30,Entergalactic,https://images.genius.com/34e7d4bd13f663ceedcf6199559703e7.1000x1000x1.jpg,5807,8301810,0.10377358490566038,https://genius.com/Kid-cudi-angel-lyrics,0,68,Kid Cudi,https://genius.com/artists/Kid-cudi,661351,https://genius.com/albums/Kid-cudi/Entergalactic,4
Trapped in My Mind,39,339,oh,2010-11-09,Man on the Moon II: The Legend of Mr. Rager,https://images.genius.com/14137476a886859359839ede660df307.1000x1000x1.jpg,180062,3715,0.10317460317460317,https://genius.com/Kid-cudi-trapped-in-my-mind-lyrics,9,68,Kid Cudi,https://genius.com/artists/Kid-cudi,4428,https://genius.com/albums/Kid-cudi/Man-on-the-moon-ii-the-legend-of-mr-rager,4
The Commander,42,372,ahh,2016-12-16,"Passion, Pain & Demon Slayin’",https://images.genius.com/f8865356fee027178c8a101afce2f61a.1000x1000x1.png,62506,2932618,0.10144927536231885,https://genius.com/Kid-cudi-the-commander-lyrics,4,68,Kid Cudi,https://genius.com/artists/Kid-cudi,152011,https://genius.com/albums/Kid-cudi/Passion-pain-demon-slayin,4
Screwed,8,77,ayy,2015-12-04,Speedin’ Bullet 2 Heaven,https://images.genius.com/b82971c3819d9daa88e4cd61713052a0.1000x1000x1.jpg,23475,2383396,0.09411764705882353,https://genius.com/Kid-cudi-screwed-lyrics,0,68,Kid Cudi,https://genius.com/artists/Kid-cudi,128397,https://genius.com/albums/Kid-cudi/Speedin-bullet-2-heaven,3
Mojo So Dope,48,469,oh,2010-11-09,Man on the Moon II: The Legend of Mr. Rager,https://images.genius.com/14137476a886859359839ede660df307.1000x1000x1.jpg,344226,1869,0.09284332688588008,https://genius.com/Kid-cudi-mojo-so-dope-lyrics,11,68,Kid Cudi,https://genius.com/artists/Kid-cudi,4428,https://genius.com/albums/Kid-cudi/Man-on-the-moon-ii-the-legend-of-mr-rager,5
Mr.Rager,34,357,oh,2011-09-08,NA,https://images.genius.com/26da54297be506aeebdbff03306223ad.640x640x1.jpg,NA,6546993,0.08695652173913043,https://genius.com/Kid-cudi-mrrager-lyrics,2,68,Kid Cudi,https://genius.com/artists/Kid-cudi,NA,NA,4
The Prayer,36,390,la,2008-07-17,A Kid Named Cudi,https://images.genius.com/1a451a8afb940b34adb9ad01bc7527d6.513x513x1.jpg,597369,1822,0.08450704225352113,https://genius.com/Kid-cudi-the-prayer-lyrics,7,68,Kid Cudi,https://genius.com/artists/Kid-cudi,4424,https://genius.com/albums/Kid-cudi/A-kid-named-cudi,1
Kitchen (Ft. Jaden),29,340,hmm,2016-12-16,"Passion, Pain & Demon Slayin’",https://images.genius.com/f8865356fee027178c8a101afce2f61a.1000x1000x1.png,168714,2867559,0.07859078590785908,https://genius.com/Kid-cudi-kitchen-lyrics,4,68,Kid Cudi,https://genius.com/artists/Kid-cudi,152011,https://genius.com/albums/Kid-cudi/Passion-pain-demon-slayin,5
New Mode,26,311,oh,2022-09-30,Entergalactic,https://images.genius.com/34e7d4bd13f663ceedcf6199559703e7.1000x1000x1.jpg,9621,8392255,0.0771513353115727,https://genius.com/Kid-cudi-new-mode-lyrics,0,68,Kid Cudi,https://genius.com/artists/Kid-cudi,661351,https://genius.com/albums/Kid-cudi/Entergalactic,5
We Aite (Wake Your Mind Up),7,84,hm,2010-11-09,Man on the Moon II: The Legend of Mr. Rager,https://images.genius.com/14137476a886859359839ede660df307.1000x1000x1.jpg,35566,26051,0.07692307692307693,https://genius.com/Kid-cudi-we-aite-wake-your-mind-up-lyrics,2,68,Kid Cudi,https://genius.com/artists/Kid-cudi,4428,https://genius.com/albums/Kid-cudi/Man-on-the-moon-ii-the-legend-of-mr-rager,6
Sky Might Fall,39,478,ahh,2008-07-17,Dat Kid From Cleveland,https://images.genius.com/23da9eb13af7d717bed8f6bd5da7d419.1000x1000x1.png,143491,1156,0.07543520309477757,https://genius.com/Kid-cudi-sky-might-fall-lyrics,8,68,Kid Cudi,https://genius.com/artists/Kid-cudi,19137,https://genius.com/albums/Kid-cudi/Dat-kid-from-cleveland,2
Awesomely Dope,2,25,hey,NA,NA,https://images.genius.com/26da54297be506aeebdbff03306223ad.640x640x1.jpg,NA,6552131,0.07407407407407407,https://genius.com/Kid-cudi-awesomely-dope-lyrics,1,68,Kid Cudi,https://genius.com/artists/Kid-cudi,NA,NA,5
Love Stoned,24,301,ahh,NA,NA,https://images.genius.com/26da54297be506aeebdbff03306223ad.640x640x1.jpg,10136,4930,0.07384615384615385,https://genius.com/Kid-cudi-love-stoned-lyrics,1,68,Kid Cudi,https://genius.com/artists/Kid-cudi,NA,NA,6
GHOST!,30,380,na,2010-11-09,Man on the Moon II: The Legend of Mr. Rager,https://images.genius.com/14137476a886859359839ede660df307.1000x1000x1.jpg,333800,2337,0.07317073170731707,https://genius.com/Kid-cudi-ghost-lyrics,12,68,Kid Cudi,https://genius.com/artists/Kid-cudi,4428,https://genius.com/albums/Kid-cudi/Man-on-the-moon-ii-the-legend-of-mr-rager,7
Freshie,49,630,ah,NA,KC9*,https://images.genius.com/26da54297be506aeebdbff03306223ad.640x640x1.jpg,NA,7274464,0.07216494845360824,https://genius.com/Kid-cudi-freshie-lyrics,3,68,Kid Cudi,https://genius.com/artists/Kid-cudi,819200,https://genius.com/albums/Kid-cudi/Kc9,2
Tequila Shots,34,445,hm,2020-12-11,Man on the Moon III: The Chosen,https://images.genius.com/07a3deb92bfe7c78f95add89edc0e5ed.1000x1000x1.png,362672,6250762,0.0709812108559499,https://genius.com/Kid-cudi-tequila-shots-lyrics,12,68,Kid Cudi,https://genius.com/artists/Kid-cudi,692902,https://genius.com/albums/Kid-cudi/Man-on-the-moon-iii-the-chosen,7
Day 38,5,67,uh,NA,NA,https://images.genius.com/26da54297be506aeebdbff03306223ad.640x640x1.jpg,NA,4479601,0.06944444444444445,https://genius.com/Kid-cudi-day-38-lyrics,1,68,Kid Cudi,https://genius.com/artists/Kid-cudi,NA,NA,7
Wounds,13,176,hmmm,2016-12-16,"Passion, Pain & Demon Slayin’",https://images.genius.com/f8865356fee027178c8a101afce2f61a.1000x1000x1.png,60154,2867546,0.06878306878306878,https://genius.com/Kid-cudi-wounds-lyrics,3,68,Kid Cudi,https://genius.com/artists/Kid-cudi,152011,https://genius.com/albums/Kid-cudi/Passion-pain-demon-slayin,6
Tequila Shots (Prime Day Show x Kid Cudi),31,441,hm,2021-06-17,Prime Day Show x Kid Cudi,https://images.genius.com/db4578a0b4af70ee0a7ab5700d776dcb.600x600x1.jpg,NA,6922869,0.06567796610169492,https://genius.com/Kid-cudi-tequila-shots-prime-day-show-x-kid-cudi-lyrics,0,68,Kid Cudi,https://genius.com/artists/Kid-cudi,784634,https://genius.com/albums/Kid-cudi/Prime-day-show-x-kid-cudi,2
Another Day,29,436,hmm,2020-12-11,Man on the Moon III: The Chosen,https://images.genius.com/07a3deb92bfe7c78f95add89edc0e5ed.1000x1000x1.png,181129,6250763,0.06236559139784946,https://genius.com/Kid-cudi-another-day-lyrics,11,68,Kid Cudi,https://genius.com/artists/Kid-cudi,692902,https://genius.com/albums/Kid-cudi/Man-on-the-moon-iii-the-chosen,8
Pursuit of Happiness (Nightmare) (Ft. MGMT & Ratatat),25,382,oh,2009-09-15,Man on the Moon: The End of Day,https://images.genius.com/678a9114776c5da6b2e8acaa8c8d68a8.630x630x1.jpg,1203979,401,0.06142506142506143,https://genius.com/Kid-cudi-pursuit-of-happiness-nightmare-lyrics,18,68,Kid Cudi,https://genius.com/artists/Kid-cudi,4427,https://genius.com/albums/Kid-cudi/Man-on-the-moon-the-end-of-day,2
Brothers (Ft. A$AP Rocky & King Chip),46,708,hey,2013-04-12,Indicud,https://images.genius.com/e6cf8fb555c7d3a3add9bbbabb654891.1000x1000x1.jpg,253257,133898,0.0610079575596817,https://genius.com/Kid-cudi-brothers-lyrics,18,68,Kid Cudi,https://genius.com/artists/Kid-cudi,20193,https://genius.com/albums/Kid-cudi/Indicud,2
Down & Out,37,595,ah,2008-07-17,A Kid Named Cudi,https://images.genius.com/1a451a8afb940b34adb9ad01bc7527d6.513x513x1.jpg,111472,6347,0.058544303797468354,https://genius.com/Kid-cudi-down-and-out-lyrics,4,68,Kid Cudi,https://genius.com/artists/Kid-cudi,4424,https://genius.com/albums/Kid-cudi/A-kid-named-cudi,2
Surfin' (Ft. Pharrell Williams),52,846,aaa,2016-09-30,"Passion, Pain & Demon Slayin’",https://images.genius.com/23aff3418ecc0a9b60d36169beaf0a00.1000x1000x1.jpg,209822,2846383,0.05790645879732739,https://genius.com/Kid-cudi-surfin-lyrics,12,68,Kid Cudi,https://genius.com/artists/Kid-cudi,152011,https://genius.com/albums/Kid-cudi/Passion-pain-demon-slayin,7
Cosmic Warrior,11,183,mmmm,2016-12-16,"Passion, Pain & Demon Slayin’",https://images.genius.com/f8865356fee027178c8a101afce2f61a.1000x1000x1.png,53739,2867557,0.05670103092783505,https://genius.com/Kid-cudi-cosmic-warrior-lyrics,3,68,Kid Cudi,https://genius.com/artists/Kid-cudi,152011,https://genius.com/albums/Kid-cudi/Passion-pain-demon-slayin,8
Did You Get It,31,522,na,2010-09-01,NA,https://images.genius.com/26da54297be506aeebdbff03306223ad.640x640x1.jpg,NA,57743,0.05605786618444846,https://genius.com/Kid-cudi-did-you-get-it-lyrics,0,68,Kid Cudi,https://genius.com/artists/Kid-cudi,NA,NA,8
Maple,5,86,oh,NA,NA,https://images.genius.com/26da54297be506aeebdbff03306223ad.640x640x1.jpg,NA,4478734,0.054945054945054944,https://genius.com/Kid-cudi-maple-lyrics,1,68,Kid Cudi,https://genius.com/artists/Kid-cudi,NA,NA,9
4 da Kidz (Prime Day Show x Kid Cudi),24,413,oh,2021-06-17,Prime Day Show x Kid Cudi,https://images.genius.com/db4578a0b4af70ee0a7ab5700d776dcb.600x600x1.jpg,NA,6922871,0.05491990846681922,https://genius.com/Kid-cudi-4-da-kidz-prime-day-show-x-kid-cudi-lyrics,0,68,Kid Cudi,https://genius.com/artists/Kid-cudi,784634,https://genius.com/albums/Kid-cudi/Prime-day-show-x-kid-cudi,3
Solo Dolo (Nightmare),18,310,oh,2009-09-15,Man on the Moon: The End of Day,https://images.genius.com/23da9eb13af7d717bed8f6bd5da7d419.1000x1000x1.png,260921,26045,0.054878048780487805,https://genius.com/Kid-cudi-solo-dolo-nightmare-lyrics,13,68,Kid Cudi,https://genius.com/artists/Kid-cudi,4427,https://genius.com/albums/Kid-cudi/Man-on-the-moon-the-end-of-day,3
Intro (A Kid Named Cudi),7,121,huh,2008-07-17,A Kid Named Cudi,https://images.genius.com/1a451a8afb940b34adb9ad01bc7527d6.513x513x1.jpg,NA,3952714,0.0546875,https://genius.com/Kid-cudi-intro-a-kid-named-cudi-lyrics,1,68,Kid Cudi,https://genius.com/artists/Kid-cudi,4424,https://genius.com/albums/Kid-cudi/A-kid-named-cudi,3
Mr. Solo Dolo III,25,436,oh,2020-12-11,Man on the Moon III: The Chosen,https://images.genius.com/07a3deb92bfe7c78f95add89edc0e5ed.1000x1000x1.png,187641,6250769,0.05422993492407809,https://genius.com/Kid-cudi-mr-solo-dolo-iii-lyrics,12,68,Kid Cudi,https://genius.com/artists/Kid-cudi,692902,https://genius.com/albums/Kid-cudi/Man-on-the-moon-iii-the-chosen,9
The Guide (Ft. André 3000),28,510,ooh,2016-12-16,"Passion, Pain & Demon Slayin’",https://images.genius.com/f8865356fee027178c8a101afce2f61a.1000x1000x1.png,89950,2867471,0.05204460966542751,https://genius.com/Kid-cudi-the-guide-lyrics,10,68,Kid Cudi,https://genius.com/artists/Kid-cudi,152011,https://genius.com/albums/Kid-cudi/Passion-pain-demon-slayin,9
Can't Believe It (Ft. 2 Chainz),30,566,la,2022-09-30,Entergalactic,https://images.genius.com/34e7d4bd13f663ceedcf6199559703e7.1000x1000x1.jpg,NA,8393483,0.050335570469798654,https://genius.com/Kid-cudi-cant-believe-it-lyrics,5,68,Kid Cudi,https://genius.com/artists/Kid-cudi,661351,https://genius.com/albums/Kid-cudi/Entergalactic,6
Cleveland is the Reason,24,459,oh,2008-07-17,A Kid Named Cudi,https://images.genius.com/1a451a8afb940b34adb9ad01bc7527d6.513x513x1.jpg,83569,4997,0.049689440993788817,https://genius.com/Kid-cudi-cleveland-is-the-reason-lyrics,8,68,Kid Cudi,https://genius.com/artists/Kid-cudi,4424,https://genius.com/albums/Kid-cudi/A-kid-named-cudi,4
Dance 4 Eternity,14,275,hmm,2016-12-16,"Passion, Pain & Demon Slayin’",https://images.genius.com/f8865356fee027178c8a101afce2f61a.1000x1000x1.png,61917,2867534,0.04844290657439446,https://genius.com/Kid-cudi-dance-4-eternity-lyrics,1,68,Kid Cudi,https://genius.com/artists/Kid-cudi,152011,https://genius.com/albums/Kid-cudi/Passion-pain-demon-slayin,10
That Girl,7,144,oh,2009-12-11,CUDDER IS BACK,https://images.genius.com/d5cb36155378fcee8cb7fe60e4a7f394.770x770x1.jpg,39618,59271,0.046357615894039736,https://genius.com/Kid-cudi-that-girl-lyrics,1,68,Kid Cudi,https://genius.com/artists/Kid-cudi,923081,https://genius.com/albums/Kid-cudi/Cudder-is-back,1
Sad People,13,271,ahh,2020-12-11,Man on the Moon III: The Chosen,https://images.genius.com/07a3deb92bfe7c78f95add89edc0e5ed.1000x1000x1.png,166874,6250775,0.045774647887323945,https://genius.com/Kid-cudi-sad-people-lyrics,8,68,Kid Cudi,https://genius.com/artists/Kid-cudi,692902,https://genius.com/albums/Kid-cudi/Man-on-the-moon-iii-the-chosen,10
All In,10,210,hm,2016-12-16,"Passion, Pain & Demon Slayin’",https://images.genius.com/f8865356fee027178c8a101afce2f61a.1000x1000x1.png,84182,2456464,0.045454545454545456,https://genius.com/Kid-cudi-all-in-lyrics,5,68,Kid Cudi,https://genius.com/artists/Kid-cudi,152011,https://genius.com/albums/Kid-cudi/Passion-pain-demon-slayin,11
She’s Lookin' For Me,16,340,oh,2022-09-30,Entergalactic,https://images.genius.com/34e7d4bd13f663ceedcf6199559703e7.1000x1000x1.jpg,NA,8392247,0.0449438202247191,https://genius.com/Kid-cudi-shes-lookin-for-me-lyrics,0,68,Kid Cudi,https://genius.com/artists/Kid-cudi,661351,https://genius.com/albums/Kid-cudi/Entergalactic,7
MELTING,5,107,hey,2015-12-04,Speedin’ Bullet 2 Heaven,https://images.genius.com/b82971c3819d9daa88e4cd61713052a0.1000x1000x1.jpg,36262,2375557,0.044642857142857144,https://genius.com/Kid-cudi-melting-lyrics,1,68,Kid Cudi,https://genius.com/artists/Kid-cudi,128397,https://genius.com/albums/Kid-cudi/Speedin-bullet-2-heaven,4
Speedin' Bullet 2 Heaven (Acoustic Demo),10,223,hmm,2015-12-04,Speedin’ Bullet 2 Heaven,https://images.genius.com/b82971c3819d9daa88e4cd61713052a0.1000x1000x1.jpg,8494,2375554,0.04291845493562232,https://genius.com/Kid-cudi-speedin-bullet-2-heaven-acoustic-demo-lyrics,1,68,Kid Cudi,https://genius.com/artists/Kid-cudi,128397,https://genius.com/albums/Kid-cudi/Speedin-bullet-2-heaven,5
Does It,29,656,oh,2016-12-16,"Passion, Pain & Demon Slayin’",https://images.genius.com/f8865356fee027178c8a101afce2f61a.1000x1000x1.png,65732,2867528,0.042335766423357665,https://genius.com/Kid-cudi-does-it-lyrics,10,68,Kid Cudi,https://genius.com/artists/Kid-cudi,152011,https://genius.com/albums/Kid-cudi/Passion-pain-demon-slayin,12
CONFUSED! (Acoustic Version),14,329,oh,2016-01-05,NA,https://images.genius.com/7723d6c3595c47f89a935a2e5bf11033.500x500x1.jpg,NA,7080384,0.04081632653061224,https://genius.com/Kid-cudi-confused-acoustic-version-lyrics,1,68,Kid Cudi,https://genius.com/artists/Kid-cudi,NA,NA,10
Lord I Know,16,384,uh,2020-12-11,Man on the Moon III: The Chosen,https://images.genius.com/07a3deb92bfe7c78f95add89edc0e5ed.1000x1000x1.png,92971,6250783,0.04,https://genius.com/Kid-cudi-lord-i-know-lyrics,10,68,Kid Cudi,https://genius.com/artists/Kid-cudi,692902,https://genius.com/albums/Kid-cudi/Man-on-the-moon-iii-the-chosen,11
By Design (Ft. André 3000),24,587,oh,2016-12-16,"Passion, Pain & Demon Slayin’",https://images.genius.com/f8865356fee027178c8a101afce2f61a.1000x1000x1.png,380735,2867466,0.03927986906710311,https://genius.com/Kid-cudi-by-design-lyrics,15,68,Kid Cudi,https://genius.com/artists/Kid-cudi,152011,https://genius.com/albums/Kid-cudi/Passion-pain-demon-slayin,13
Skit 1 (Ft. Melwisky),11,301,oh,NA,Rap Hard,https://images.genius.com/0aab2c3a8fe65902dd9bea31a7460a32.706x706x1.png,NA,2988828,0.035256410256410256,https://genius.com/Kid-cudi-skit-1-lyrics,0,68,Kid Cudi,https://genius.com/artists/Kid-cudi,13681,https://genius.com/albums/Kid-cudi/Rap-hard,1
Do What I Want,17,479,hm,2022-06-10,Entergalactic,https://images.genius.com/b39db35063b542d146745f108ad82c40.1000x1000x1.jpg,31027,5469854,0.034274193548387094,https://genius.com/Kid-cudi-do-what-i-want-lyrics,9,68,Kid Cudi,https://genius.com/artists/Kid-cudi,661351,https://genius.com/albums/Kid-cudi/Entergalactic,8
Balmain Jeans (Ft. Raphael Saadiq),14,408,oh,2014-02-25,KiD CuDi presents SATELLITE FLIGHT: The journey to Mother Moon,https://images.genius.com/04205b00d2b6066e5c519fb70fe1a27d.1000x1000x1.jpg,247933,369647,0.03317535545023697,https://genius.com/Kid-cudi-balmain-jeans-lyrics,6,68,Kid Cudi,https://genius.com/artists/Kid-cudi,67138,https://genius.com/albums/Kid-cudi/Kid-cudi-presents-satellite-flight-the-journey-to-mother-moon,2
Intro (Dat Kid From Cleveland),3,91,hey,2009-04-22,Dat Kid From Cleveland,https://images.genius.com/474116e13af772abd6384cee03c992a6.1000x1000x1.png,NA,2154080,0.031914893617021274,https://genius.com/Kid-cudi-intro-dat-kid-from-cleveland-lyrics,1,68,Kid Cudi,https://genius.com/artists/Kid-cudi,19137,https://genius.com/albums/Kid-cudi/Dat-kid-from-cleveland,3
Going to the Ceremony,5,155,hmm,2013-07-01,KiD CuDi presents SATELLITE FLIGHT: The journey to Mother Moon,https://images.genius.com/f93aafaafd092a8bb9b2224aea7385f6.670x670x1.jpg,101633,182150,0.03125,https://genius.com/Kid-cudi-going-to-the-ceremony-lyrics,3,68,Kid Cudi,https://genius.com/artists/Kid-cudi,67138,https://genius.com/albums/Kid-cudi/Kid-cudi-presents-satellite-flight-the-journey-to-mother-moon,3
Distant Fantasies,17,538,uh,2016-12-16,"Passion, Pain & Demon Slayin’",https://images.genius.com/f8865356fee027178c8a101afce2f61a.1000x1000x1.png,66979,2867539,0.03063063063063063,https://genius.com/Kid-cudi-distant-fantasies-lyrics,5,68,Kid Cudi,https://genius.com/artists/Kid-cudi,152011,https://genius.com/albums/Kid-cudi/Passion-pain-demon-slayin,14
Sad People (Prime Day Show x Kid Cudi),9,289,ahh,2021-06-17,Prime Day Show x Kid Cudi,https://images.genius.com/db4578a0b4af70ee0a7ab5700d776dcb.600x600x1.jpg,NA,6922870,0.030201342281879196,https://genius.com/Kid-cudi-sad-people-prime-day-show-x-kid-cudi-lyrics,0,68,Kid Cudi,https://genius.com/artists/Kid-cudi,784634,https://genius.com/albums/Kid-cudi/Prime-day-show-x-kid-cudi,4
Dreamer*,4,136,ooh,NA,KC9*,https://images.genius.com/26da54297be506aeebdbff03306223ad.640x640x1.jpg,NA,7480319,0.02857142857142857,https://genius.com/Kid-cudi-dreamer-lyrics,0,68,Kid Cudi,https://genius.com/artists/Kid-cudi,819200,https://genius.com/albums/Kid-cudi/Kc9,3
Judgmental Cunt,5,172,hey,2015-10-03,Speedin’ Bullet 2 Heaven,https://images.genius.com/b82971c3819d9daa88e4cd61713052a0.1000x1000x1.jpg,44619,2321494,0.02824858757062147,https://genius.com/Kid-cudi-judgmental-cunt-lyrics,3,68,Kid Cudi,https://genius.com/artists/Kid-cudi,128397,https://genius.com/albums/Kid-cudi/Speedin-bullet-2-heaven,6
Fuchsia Butterflies,6,207,oh,2015-12-04,Speedin’ Bullet 2 Heaven,https://images.genius.com/b82971c3819d9daa88e4cd61713052a0.1000x1000x1.jpg,38065,2383398,0.028169014084507043,https://genius.com/Kid-cudi-fuchsia-butterflies-lyrics,6,68,Kid Cudi,https://genius.com/artists/Kid-cudi,128397,https://genius.com/albums/Kid-cudi/Speedin-bullet-2-heaven,7
Red Eye (Ft. HAIM),13,454,oh,2013-04-12,Indicud,https://images.genius.com/e6cf8fb555c7d3a3add9bbbabb654891.1000x1000x1.jpg,173863,133893,0.027837259100642397,https://genius.com/Kid-cudi-red-eye-lyrics,4,68,Kid Cudi,https://genius.com/artists/Kid-cudi,20193,https://genius.com/albums/Kid-cudi/Indicud,3
Baptized in Fire (Ft. Travis Scott),18,638,uh,2016-12-01,"Passion, Pain & Demon Slayin’",https://images.genius.com/f8865356fee027178c8a101afce2f61a.1000x1000x1.png,368663,2856357,0.027439024390243903,https://genius.com/Kid-cudi-baptized-in-fire-lyrics,18,68,Kid Cudi,https://genius.com/artists/Kid-cudi,152011,https://genius.com/albums/Kid-cudi/Passion-pain-demon-slayin,15
Dose of Dopeness,15,532,oh,2012-02-20,NA,https://images.genius.com/296e117412a63a5584236cdc71e8dccd.1000x1000x1.jpg,75805,65293,0.027422303473491772,https://genius.com/Kid-cudi-dose-of-dopeness-lyrics,5,68,Kid Cudi,https://genius.com/artists/Kid-cudi,NA,NA,11
The Adventures of Moon Man & Slim Shady (Ft. Eminem),28,995,nah,2020-07-10,NA,https://images.genius.com/da923792e43cffd9ae44863c178cb062.984x1000x1.jpg,739367,5748123,0.02737047898338221,https://genius.com/Kid-cudi-the-adventures-of-moon-man-and-slim-shady-lyrics,46,68,Kid Cudi,https://genius.com/artists/Kid-cudi,NA,NA,12
Swerve Off! (Ft. DEBOYRAXX!),6,218,yo,2020-07-31,NA,https://images.genius.com/7b3a47363b9eeb0f039754df653104be.982x982x1.jpg,NA,5751759,0.026785714285714284,https://genius.com/Kid-cudi-swerve-off-lyrics,18,68,Kid Cudi,https://genius.com/artists/Kid-cudi,NA,NA,13
What Now*,9,329,hey,NA,KC9*,https://images.genius.com/26da54297be506aeebdbff03306223ad.640x640x1.jpg,NA,7480337,0.026627218934911243,https://genius.com/Kid-cudi-what-now-lyrics,0,68,Kid Cudi,https://genius.com/artists/Kid-cudi,819200,https://genius.com/albums/Kid-cudi/Kc9,4
Day ‘N’ Nite (Nightmare),12,440,na,2008-02-05,A Kid Named Cudi,https://images.genius.com/be356deab94c00491791293219ef02a5.1000x1000x1.jpg,1017206,131,0.02654867256637168,https://genius.com/Kid-cudi-day-n-nite-nightmare-lyrics,17,68,Kid Cudi,https://genius.com/artists/Kid-cudi,4424,https://genius.com/albums/Kid-cudi/A-kid-named-cudi,5
Speedin' Bullet 2 Heaven,6,223,oh,2015-12-01,Speedin’ Bullet 2 Heaven,https://images.genius.com/b82971c3819d9daa88e4cd61713052a0.1000x1000x1.jpg,65127,2375547,0.026200873362445413,https://genius.com/Kid-cudi-speedin-bullet-2-heaven-lyrics,2,68,Kid Cudi,https://genius.com/artists/Kid-cudi,128397,https://genius.com/albums/Kid-cudi/Speedin-bullet-2-heaven,8
Tim Westwood Freestyle,25,935,oh,NA,NA,https://images.genius.com/26da54297be506aeebdbff03306223ad.640x640x1.jpg,18389,60962,0.026041666666666668,https://genius.com/Kid-cudi-tim-westwood-freestyle-lyrics,17,68,Kid Cudi,https://genius.com/artists/Kid-cudi,NA,NA,14
Man in the Night,11,418,oh,2015-12-04,Speedin’ Bullet 2 Heaven,https://images.genius.com/b82971c3819d9daa88e4cd61713052a0.1000x1000x1.jpg,36262,2375534,0.02564102564102564,https://genius.com/Kid-cudi-man-in-the-night-lyrics,3,68,Kid Cudi,https://genius.com/artists/Kid-cudi,128397,https://genius.com/albums/Kid-cudi/Speedin-bullet-2-heaven,9
My World (Ft. Jeff Bhasker),12,459,ohh,2009-09-15,Man on the Moon: The End of Day,https://images.genius.com/23da9eb13af7d717bed8f6bd5da7d419.1000x1000x1.png,139139,2333,0.025477707006369428,https://genius.com/Kid-cudi-my-world-lyrics,7,68,Kid Cudi,https://genius.com/artists/Kid-cudi,4427,https://genius.com/albums/Kid-cudi/Man-on-the-moon-the-end-of-day,4
Maybe,10,385,ahh,2010-11-09,Man on the Moon II: The Legend of Mr. Rager,https://images.genius.com/14137476a886859359839ede660df307.1000x1000x1.jpg,28201,50124,0.02531645569620253,https://genius.com/Kid-cudi-maybe-lyrics,4,68,Kid Cudi,https://genius.com/artists/Kid-cudi,4428,https://genius.com/albums/Kid-cudi/Man-on-the-moon-ii-the-legend-of-mr-rager,8
Follow Me,4,155,oh,NA,NA,https://images.genius.com/26da54297be506aeebdbff03306223ad.640x640x1.jpg,15684,6223,0.025157232704402517,https://genius.com/Kid-cudi-follow-me-lyrics,2,68,Kid Cudi,https://genius.com/artists/Kid-cudi,NA,NA,15
Cuditastic (Freestyle) (Ft. Peter Rosenberg),15,587,ay,NA,NA,https://images.genius.com/26da54297be506aeebdbff03306223ad.640x640x1.jpg,NA,2893188,0.024916943521594685,https://genius.com/Kid-cudi-cuditastic-freestyle-lyrics,1,68,Kid Cudi,https://genius.com/artists/Kid-cudi,NA,NA,16
Stars In The Sky,8,315,hmm,2022-03-25,NA,https://images.genius.com/fb2da8633dd9a8ccf404c29d41fbd25d.910x910x1.webp,27289,7827456,0.02476780185758514,https://genius.com/Kid-cudi-stars-in-the-sky-lyrics,2,68,Kid Cudi,https://genius.com/artists/Kid-cudi,NA,NA,17
Darkness Be Rising,8,316,uh,NA,CUDDER IS BACK,https://images.genius.com/a52d76dd22add9a72967a8715d52f150.500x500x1.jpg,13232,90897,0.024691358024691357,https://genius.com/Kid-cudi-darkness-be-rising-lyrics,1,68,Kid Cudi,https://genius.com/artists/Kid-cudi,923081,https://genius.com/albums/Kid-cudi/Cudder-is-back,2
Internal Bleeding,6,238,hey,2014-02-25,KiD CuDi presents SATELLITE FLIGHT: The journey to Mother Moon,https://images.genius.com/f93aafaafd092a8bb9b2224aea7385f6.670x670x1.jpg,75039,369629,0.02459016393442623,https://genius.com/Kid-cudi-internal-bleeding-lyrics,5,68,Kid Cudi,https://genius.com/artists/Kid-cudi,67138,https://genius.com/albums/Kid-cudi/Kid-cudi-presents-satellite-flight-the-journey-to-mother-moon,4
Interlude,3,126,yo,NA,Rap Hard,https://images.genius.com/0aab2c3a8fe65902dd9bea31a7460a32.706x706x1.png,NA,2988832,0.023255813953488372,https://genius.com/Kid-cudi-interlude-lyrics,0,68,Kid Cudi,https://genius.com/artists/Kid-cudi,13681,https://genius.com/albums/Kid-cudi/Rap-hard,2
Heaven at Nite,6,256,oh,2008-07-17,A Kid Named Cudi,https://images.genius.com/1a451a8afb940b34adb9ad01bc7527d6.513x513x1.jpg,67229,4052,0.022900763358778626,https://genius.com/Kid-cudi-heaven-at-nite-lyrics,7,68,Kid Cudi,https://genius.com/artists/Kid-cudi,4424,https://genius.com/albums/Kid-cudi/A-kid-named-cudi,6
Wild,7,300,uh,NA,KC9*,https://images.genius.com/26da54297be506aeebdbff03306223ad.640x640x1.jpg,NA,6830116,0.02280130293159609,https://genius.com/Kid-cudi-wild-lyrics,1,68,Kid Cudi,https://genius.com/artists/Kid-cudi,819200,https://genius.com/albums/Kid-cudi/Kc9,5
Damaged,9,398,hey,2020-12-11,Man on the Moon III: The Chosen,https://images.genius.com/07a3deb92bfe7c78f95add89edc0e5ed.1000x1000x1.png,104556,6250766,0.022113022113022112,https://genius.com/Kid-cudi-damaged-lyrics,5,68,Kid Cudi,https://genius.com/artists/Kid-cudi,692902,https://genius.com/albums/Kid-cudi/Man-on-the-moon-iii-the-chosen,12
STARZ (Stars In The Sky Original) (Ft. Lil Nas X),6,272,hmm,NA,NA,https://images.genius.com/08cd45397183fca4b67fb319a3f1f393.997x1000x1.jpg,NA,7941776,0.02158273381294964,https://genius.com/Kid-cudi-starz-stars-in-the-sky-original-lyrics,1,68,Kid Cudi,https://genius.com/artists/Kid-cudi,NA,NA,18
Dangerous (Ft. Ricky Hil),11,500,uh,NA,NA,https://images.genius.com/26da54297be506aeebdbff03306223ad.640x640x1.jpg,NA,51851,0.021526418786692758,https://genius.com/Kid-cudi-dangerous-lyrics,1,68,Kid Cudi,https://genius.com/artists/Kid-cudi,NA,NA,19
Maybe So,4,182,hm,2022-09-30,Entergalactic,https://images.genius.com/34e7d4bd13f663ceedcf6199559703e7.1000x1000x1.jpg,NA,8392245,0.021505376344086023,https://genius.com/Kid-cudi-maybe-so-lyrics,0,68,Kid Cudi,https://genius.com/artists/Kid-cudi,661351,https://genius.com/albums/Kid-cudi/Entergalactic,9
Worth,8,366,oh,2015-12-04,Speedin’ Bullet 2 Heaven,https://images.genius.com/b82971c3819d9daa88e4cd61713052a0.1000x1000x1.jpg,19318,2375556,0.0213903743315508,https://genius.com/Kid-cudi-worth-lyrics,1,68,Kid Cudi,https://genius.com/artists/Kid-cudi,128397,https://genius.com/albums/Kid-cudi/Speedin-bullet-2-heaven,10
The Ruler and the Killer,8,368,hey,2012-03-16,The Hunger Games: Songs from District 12 and Beyond,https://images.genius.com/55b681aeebba8498f46a6d250decf0e8.1000x1000x1.jpg,7275,68303,0.02127659574468085,https://genius.com/Kid-cudi-the-ruler-and-the-killer-lyrics,11,68,Kid Cudi,https://genius.com/artists/Kid-cudi,87979,https://genius.com/albums/Various-artists/The-hunger-games-songs-from-district-12-and-beyond,1
My Drug,4,190,ah,2022-09-30,Entergalactic,https://images.genius.com/34e7d4bd13f663ceedcf6199559703e7.1000x1000x1.jpg,NA,8416372,0.020618556701030927,https://genius.com/Kid-cudi-my-drug-lyrics,0,68,Kid Cudi,https://genius.com/artists/Kid-cudi,661351,https://genius.com/albums/Kid-cudi/Entergalactic,10
Ashin' Kusher,11,531,hey,2010-11-09,Man on the Moon II: The Legend of Mr. Rager,https://images.genius.com/14137476a886859359839ede660df307.1000x1000x1.jpg,120056,2264,0.02029520295202952,https://genius.com/Kid-cudi-ashin-kusher-lyrics,8,68,Kid Cudi,https://genius.com/artists/Kid-cudi,4428,https://genius.com/albums/Kid-cudi/Man-on-the-moon-ii-the-legend-of-mr-rager,9
Frequency,6,303,hmm,2016-03-25,"Passion, Pain & Demon Slayin’",https://images.genius.com/23aff3418ecc0a9b60d36169beaf0a00.1000x1000x1.jpg,221562,2445357,0.019417475728155338,https://genius.com/Kid-cudi-frequency-lyrics,7,68,Kid Cudi,https://genius.com/artists/Kid-cudi,152011,https://genius.com/albums/Kid-cudi/Passion-pain-demon-slayin,16
Come Around,10,506,oh,2009-01-01,NA,https://images.genius.com/26da54297be506aeebdbff03306223ad.640x640x1.jpg,8366,58148,0.01937984496124031,https://genius.com/Kid-cudi-come-around-lyrics,1,68,Kid Cudi,https://genius.com/artists/Kid-cudi,NA,NA,20
Anomaly,2,107,oh,2015-12-04,Speedin’ Bullet 2 Heaven,https://images.genius.com/b82971c3819d9daa88e4cd61713052a0.1000x1000x1.jpg,8313,2375549,0.01834862385321101,https://genius.com/Kid-cudi-anomaly-lyrics,0,68,Kid Cudi,https://genius.com/artists/Kid-cudi,128397,https://genius.com/albums/Kid-cudi/Speedin-bullet-2-heaven,11
Soundtrack 2 My Life,10,568,huh,2009-09-15,Man on the Moon: The End of Day,https://images.genius.com/23da9eb13af7d717bed8f6bd5da7d419.1000x1000x1.png,890784,402,0.01730103806228374,https://genius.com/Kid-cudi-soundtrack-2-my-life-lyrics,28,68,Kid Cudi,https://genius.com/artists/Kid-cudi,4427,https://genius.com/albums/Kid-cudi/Man-on-the-moon-the-end-of-day,5
Man on the Moon (The Anthem),8,455,hey,2008-07-17,A Kid Named Cudi,https://images.genius.com/1a451a8afb940b34adb9ad01bc7527d6.513x513x1.jpg,428559,1652,0.017278617710583154,https://genius.com/Kid-cudi-man-on-the-moon-the-anthem-lyrics,12,68,Kid Cudi,https://genius.com/artists/Kid-cudi,4424,https://genius.com/albums/Kid-cudi/A-kid-named-cudi,7
Hyyerr (Ft. King Chip),9,539,oh,2009-09-15,Man on the Moon: The End of Day,https://images.genius.com/23da9eb13af7d717bed8f6bd5da7d419.1000x1000x1.png,134762,2329,0.016423357664233577,https://genius.com/Kid-cudi-hyyerr-lyrics,10,68,Kid Cudi,https://genius.com/artists/Kid-cudi,4427,https://genius.com/albums/Kid-cudi/Man-on-the-moon-the-end-of-day,6
Alien (Demo) (Ft. Ant Clemons),4,241,oh,NA,NA,https://images.genius.com/26da54297be506aeebdbff03306223ad.640x640x1.jpg,17153,4937769,0.0163265306122449,https://genius.com/Kid-cudi-alien-demo-lyrics,2,68,Kid Cudi,https://genius.com/artists/Kid-cudi,NA,NA,21
Can't Look In My Eyes (Ft. Kanye West),12,738,hmmm,NA,NA,https://images.genius.com/26da54297be506aeebdbff03306223ad.640x640x1.jpg,59021,2870350,0.016,https://genius.com/Kid-cudi-cant-look-in-my-eyes-lyrics,5,68,Kid Cudi,https://genius.com/artists/Kid-cudi,NA,NA,22
Attention,8,499,uh,NA,NA,https://images.genius.com/26da54297be506aeebdbff03306223ad.640x640x1.jpg,NA,94620,0.015779092702169626,https://genius.com/Kid-cudi-attention-lyrics,0,68,Kid Cudi,https://genius.com/artists/Kid-cudi,NA,NA,23
Leader of the Delinquents,8,518,mm,2020-04-14,NA,https://images.genius.com/85e759be0f7a55c48871321c94e3f7e4.1000x1000x1.png,104879,5448098,0.015209125475285171,https://genius.com/Kid-cudi-leader-of-the-delinquents-lyrics,15,68,Kid Cudi,https://genius.com/artists/Kid-cudi,NA,NA,24
Heaven on Earth,8,520,mm,2020-12-11,Man on the Moon III: The Chosen,https://images.genius.com/07a3deb92bfe7c78f95add89edc0e5ed.1000x1000x1.png,129190,6250767,0.015151515151515152,https://genius.com/Kid-cudi-heaven-on-earth-lyrics,3,68,Kid Cudi,https://genius.com/artists/Kid-cudi,692902,https://genius.com/albums/Kid-cudi/Man-on-the-moon-iii-the-chosen,13
I'm That,6,405,oh,NA,Rap Hard,https://images.genius.com/0aab2c3a8fe65902dd9bea31a7460a32.706x706x1.png,NA,2408260,0.014598540145985401,https://genius.com/Kid-cudi-im-that-lyrics,0,68,Kid Cudi,https://genius.com/artists/Kid-cudi,13681,https://genius.com/albums/Kid-cudi/Rap-hard,3
AMEN,3,204,oh,2015-12-04,Speedin’ Bullet 2 Heaven,https://images.genius.com/b82971c3819d9daa88e4cd61713052a0.1000x1000x1.jpg,17891,2375539,0.014492753623188406,https://genius.com/Kid-cudi-amen-lyrics,0,68,Kid Cudi,https://genius.com/artists/Kid-cudi,128397,https://genius.com/albums/Kid-cudi/Speedin-bullet-2-heaven,12
Erase Me (Ft. Kanye West),6,414,hmm,2010-11-09,Man on the Moon II: The Legend of Mr. Rager,https://images.genius.com/a6bf806f28ecd7f3d665dd7ad5abc8b6.475x475x1.jpg,503281,621,0.014285714285714285,https://genius.com/Kid-cudi-erase-me-lyrics,4,68,Kid Cudi,https://genius.com/artists/Kid-cudi,4428,https://genius.com/albums/Kid-cudi/Man-on-the-moon-ii-the-legend-of-mr-rager,10
Creepers,5,371,hey,2012-09-14,Kanye West Presents: Good Music - Cruel Summer,https://images.genius.com/a73a620b2147a174491b493808139666.1000x1000x1.png,303496,76917,0.013297872340425532,https://genius.com/Kid-cudi-creepers-lyrics,5,68,Kid Cudi,https://genius.com/artists/Kid-cudi,109923,https://genius.com/albums/Good-music/Kanye-west-presents-good-music-cruel-summer,1
Angels & Demons,5,404,nah,NA,NA,https://images.genius.com/26da54297be506aeebdbff03306223ad.640x640x1.jpg,8441,52676,0.012224938875305624,https://genius.com/Kid-cudi-angels-and-demons-lyrics,1,68,Kid Cudi,https://genius.com/artists/Kid-cudi,NA,NA,25
Burn Baby Burn,5,405,oh,2013-04-12,Indicud,https://images.genius.com/e6cf8fb555c7d3a3add9bbbabb654891.1000x1000x1.jpg,98066,133899,0.012195121951219513,https://genius.com/Kid-cudi-burn-baby-burn-lyrics,6,68,Kid Cudi,https://genius.com/artists/Kid-cudi,20193,https://genius.com/albums/Kid-cudi/Indicud,4
Day ‘N’ Nite (Ft. Crookers),4,335,uh,2020-04-17,Class Of ’09,https://images.genius.com/b929c75d49c7004968c67aea9f3a017e.500x500x1.jpg,NA,1836726,0.011799410029498525,https://genius.com/Kid-cudi-day-n-nite-lyrics,1,68,Kid Cudi,https://genius.com/artists/Kid-cudi,922246,https://genius.com/albums/Various-artists/Class-of-09,1
Sunrise*,6,505,hey,NA,NA,https://images.genius.com/26da54297be506aeebdbff03306223ad.640x640x1.jpg,NA,4479301,0.011741682974559686,https://genius.com/Kid-cudi-sunrise-lyrics,2,68,Kid Cudi,https://genius.com/artists/Kid-cudi,NA,NA,26
T.G.I.F. (Ft. King Chip),5,427,ay,2008-07-17,A Kid Named Cudi,https://images.genius.com/1a451a8afb940b34adb9ad01bc7527d6.513x513x1.jpg,58206,2922,0.011574074074074073,https://genius.com/Kid-cudi-tgif-lyrics,1,68,Kid Cudi,https://genius.com/artists/Kid-cudi,4424,https://genius.com/albums/Kid-cudi/A-kid-named-cudi,8
Off The Top,4,344,oh,2008-05-05,NA,https://images.genius.com/26da54297be506aeebdbff03306223ad.640x640x1.jpg,NA,444168,0.011494252873563218,https://genius.com/Kid-cudi-off-the-top-lyrics,1,68,Kid Cudi,https://genius.com/artists/Kid-cudi,NA,NA,27
Day 'n' Nite (main),6,522,na,NA,NA,https://images.genius.com/26da54297be506aeebdbff03306223ad.640x640x1.jpg,14265,1355471,0.011363636363636364,https://genius.com/Kid-cudi-day-n-nite-main-lyrics,1,68,Kid Cudi,https://genius.com/artists/Kid-cudi,NA,NA,28
Party All The Time,7,618,la,NA,Rap Hard,https://images.genius.com/0aab2c3a8fe65902dd9bea31a7460a32.706x706x1.png,NA,68371,0.0112,https://genius.com/Kid-cudi-party-all-the-time-lyrics,1,68,Kid Cudi,https://genius.com/artists/Kid-cudi,13681,https://genius.com/albums/Kid-cudi/Rap-hard,4
Unfuckwittable,2,183,oh,2013-04-12,Indicud,https://images.genius.com/e6cf8fb555c7d3a3add9bbbabb654891.1000x1000x1.jpg,205270,133890,0.010810810810810811,https://genius.com/Kid-cudi-unfuckwittable-lyrics,7,68,Kid Cudi,https://genius.com/artists/Kid-cudi,20193,https://genius.com/albums/Kid-cudi/Indicud,5
Cold Blooded,4,368,oh,2013-04-12,Indicud,https://images.genius.com/e6cf8fb555c7d3a3add9bbbabb654891.1000x1000x1.jpg,134927,133901,0.010752688172043012,https://genius.com/Kid-cudi-cold-blooded-lyrics,7,68,Kid Cudi,https://genius.com/artists/Kid-cudi,20193,https://genius.com/albums/Kid-cudi/Indicud,6
Freestyle Jam (Ft. Asher Roth),13,1240,hey,2009-02-09,NA,https://images.genius.com/26da54297be506aeebdbff03306223ad.640x640x1.jpg,NA,2395425,0.010375099760574621,https://genius.com/Kid-cudi-freestyle-jam-lyrics,1,68,Kid Cudi,https://genius.com/artists/Kid-cudi,NA,NA,29
Pion [freestyle],5,480,oh,2012-05-10,CUDDER IS BACK,https://images.genius.com/a52d76dd22add9a72967a8715d52f150.500x500x1.jpg,NA,49931,0.010309278350515464,https://genius.com/Kid-cudi-pion-freestyle-lyrics,0,68,Kid Cudi,https://genius.com/artists/Kid-cudi,923081,https://genius.com/albums/Kid-cudi/Cudder-is-back,3
Takeover Freestyle,5,492,hey,2009-04-22,Dat Kid From Cleveland,https://images.genius.com/474116e13af772abd6384cee03c992a6.1000x1000x1.png,NA,4791,0.01006036217303823,https://genius.com/Kid-cudi-takeover-freestyle-lyrics,1,68,Kid Cudi,https://genius.com/artists/Kid-cudi,19137,https://genius.com/albums/Kid-cudi/Dat-kid-from-cleveland,4
Beez (Ft. RZA),5,499,la,2013-04-12,Indicud,https://images.genius.com/e6cf8fb555c7d3a3add9bbbabb654891.1000x1000x1.jpg,137216,133896,0.00992063492063492,https://genius.com/Kid-cudi-beez-lyrics,9,68,Kid Cudi,https://genius.com/artists/Kid-cudi,20193,https://genius.com/albums/Kid-cudi/Indicud,7
Handle with Care,3,302,oh,2015-12-04,Speedin’ Bullet 2 Heaven,https://images.genius.com/b82971c3819d9daa88e4cd61713052a0.1000x1000x1.jpg,61919,2375540,0.009836065573770493,https://genius.com/Kid-cudi-handle-with-care-lyrics,2,68,Kid Cudi,https://genius.com/artists/Kid-cudi,128397,https://genius.com/albums/Kid-cudi/Speedin-bullet-2-heaven,13
Skit - Foggy Glasses,1,101,oh,2009-04-22,Dat Kid From Cleveland,https://images.genius.com/474116e13af772abd6384cee03c992a6.1000x1000x1.png,NA,182586,0.00980392156862745,https://genius.com/Kid-cudi-skit-foggy-glasses-lyrics,0,68,Kid Cudi,https://genius.com/artists/Kid-cudi,19137,https://genius.com/albums/Kid-cudi/Dat-kid-from-cleveland,5
Too Bad I Have to Destroy You Now,5,525,hmm,2014-02-25,KiD CuDi presents SATELLITE FLIGHT: The journey to Mother Moon,https://images.genius.com/f93aafaafd092a8bb9b2224aea7385f6.670x670x1.jpg,221462,369626,0.009433962264150943,https://genius.com/Kid-cudi-too-bad-i-have-to-destroy-you-now-lyrics,16,68,Kid Cudi,https://genius.com/artists/Kid-cudi,67138,https://genius.com/albums/Kid-cudi/Kid-cudi-presents-satellite-flight-the-journey-to-mother-moon,5
Adventures,3,330,hmm,2015-12-04,Speedin’ Bullet 2 Heaven,https://images.genius.com/b82971c3819d9daa88e4cd61713052a0.1000x1000x1.jpg,67497,2375537,0.009009009009009009,https://genius.com/Kid-cudi-adventures-lyrics,2,68,Kid Cudi,https://genius.com/artists/Kid-cudi,128397,https://genius.com/albums/Kid-cudi/Speedin-bullet-2-heaven,14
The Biggest Grinder,4,469,la,NA,NA,https://images.genius.com/26da54297be506aeebdbff03306223ad.640x640x1.jpg,NA,136889,0.008456659619450317,https://genius.com/Kid-cudi-the-biggest-grinder-lyrics,21,68,Kid Cudi,https://genius.com/artists/Kid-cudi,NA,NA,30
Solo Dolo Part II (Ft. Kendrick Lamar),4,472,huh,2013-04-12,Indicud,https://images.genius.com/e6cf8fb555c7d3a3add9bbbabb654891.1000x1000x1.jpg,245201,133894,0.008403361344537815,https://genius.com/Kid-cudi-solo-dolo-part-ii-lyrics,23,68,Kid Cudi,https://genius.com/artists/Kid-cudi,20193,https://genius.com/albums/Kid-cudi/Indicud,8
Know Why,4,473,oh,NA,NA,https://images.genius.com/26da54297be506aeebdbff03306223ad.640x640x1.jpg,14363,4859,0.008385744234800839,https://genius.com/Kid-cudi-know-why-lyrics,1,68,Kid Cudi,https://genius.com/artists/Kid-cudi,NA,NA,31
CuDi Spazzin',4,478,yo,2008-07-17,A Kid Named Cudi,https://images.genius.com/1a451a8afb940b34adb9ad01bc7527d6.513x513x1.jpg,26691,26037,0.008298755186721992,https://genius.com/Kid-cudi-cudi-spazzin-lyrics,12,68,Kid Cudi,https://genius.com/artists/Kid-cudi,4424,https://genius.com/albums/Kid-cudi/A-kid-named-cudi,9
Pillow Talk,2,247,ay,2008-07-17,A Kid Named Cudi,https://images.genius.com/1a451a8afb940b34adb9ad01bc7527d6.513x513x1.jpg,46301,5205,0.008032128514056224,https://genius.com/Kid-cudi-pillow-talk-lyrics,2,68,Kid Cudi,https://genius.com/artists/Kid-cudi,4424,https://genius.com/albums/Kid-cudi/A-kid-named-cudi,10
Angered Kids,1,125,oh,2015-12-04,Speedin’ Bullet 2 Heaven,https://images.genius.com/b82971c3819d9daa88e4cd61713052a0.1000x1000x1.jpg,14689,2375544,0.007936507936507936,https://genius.com/Kid-cudi-angered-kids-lyrics,1,68,Kid Cudi,https://genius.com/artists/Kid-cudi,128397,https://genius.com/albums/Kid-cudi/Speedin-bullet-2-heaven,15
I'm Not the Average,4,537,oh,NA,Rap Hard,https://images.genius.com/0aab2c3a8fe65902dd9bea31a7460a32.706x706x1.png,6524,125405,0.0073937153419593345,https://genius.com/Kid-cudi-im-not-the-average-lyrics,2,68,Kid Cudi,https://genius.com/artists/Kid-cudi,13681,https://genius.com/albums/Kid-cudi/Rap-hard,5
Save My Soul (The CuDi Confession),2,281,oh,2008-07-17,A Kid Named Cudi,https://images.genius.com/1a451a8afb940b34adb9ad01bc7527d6.513x513x1.jpg,52236,26038,0.007067137809187279,https://genius.com/Kid-cudi-save-my-soul-the-cudi-confession-lyrics,1,68,Kid Cudi,https://genius.com/artists/Kid-cudi,4424,https://genius.com/albums/Kid-cudi/A-kid-named-cudi,11
CONFUSED!,2,317,ah,2015-08-01,Speedin’ Bullet 2 Heaven,https://images.rapgenius.com/ea7c6ef11bfafe965d1fe874b1949ca3.499x500x1.png,154553,2269754,0.006269592476489028,https://genius.com/Kid-cudi-confused-lyrics,7,68,Kid Cudi,https://genius.com/artists/Kid-cudi,128397,https://genius.com/albums/Kid-cudi/Speedin-bullet-2-heaven,16
Cruisin' (In the Evening) (Ft. In-Doe),3,481,hey,NA,NA,https://images.genius.com/26da54297be506aeebdbff03306223ad.640x640x1.jpg,NA,114556,0.006198347107438017,https://genius.com/Kid-cudi-cruisin-in-the-evening-lyrics,0,68,Kid Cudi,https://genius.com/artists/Kid-cudi,NA,NA,32
Girls (Ft. Too $hort),3,501,hmm,2013-04-02,Indicud,https://images.genius.com/e6cf8fb555c7d3a3add9bbbabb654891.1000x1000x1.jpg,230137,128976,0.005952380952380952,https://genius.com/Kid-cudi-girls-lyrics,7,68,Kid Cudi,https://genius.com/artists/Kid-cudi,20193,https://genius.com/albums/Kid-cudi/Indicud,9
I Get It In,2,335,uh,NA,NA,https://images.genius.com/26da54297be506aeebdbff03306223ad.640x640x1.jpg,NA,903045,0.005934718100890208,https://genius.com/Kid-cudi-i-get-it-in-lyrics,1,68,Kid Cudi,https://genius.com/artists/Kid-cudi,NA,NA,33
I Do My Thing (Ft. Snoop Dogg),3,530,nah,2010-03-08,CUDDER IS BACK,https://images.genius.com/4d910a0540cab0ece493c3ac87eca0ba.750x750x1.jpg,20314,54301,0.005628517823639775,https://genius.com/Kid-cudi-i-do-my-thing-lyrics,1,68,Kid Cudi,https://genius.com/artists/Kid-cudi,923081,https://genius.com/albums/Kid-cudi/Cudder-is-back,4
Maui Wowie,2,361,hey,2008-07-17,A Kid Named Cudi,https://images.genius.com/1a451a8afb940b34adb9ad01bc7527d6.513x513x1.jpg,63266,26036,0.005509641873278237,https://genius.com/Kid-cudi-maui-wowie-lyrics,2,68,Kid Cudi,https://genius.com/artists/Kid-cudi,4424,https://genius.com/albums/Kid-cudi/A-kid-named-cudi,12
CuDi Get,2,363,uh,2008-07-17,A Kid Named Cudi,https://images.genius.com/1a451a8afb940b34adb9ad01bc7527d6.513x513x1.jpg,33586,26039,0.005479452054794521,https://genius.com/Kid-cudi-cudi-get-lyrics,5,68,Kid Cudi,https://genius.com/artists/Kid-cudi,4424,https://genius.com/albums/Kid-cudi/A-kid-named-cudi,13
Never Come Down,4,787,yo,2012-05-10,CUDDER IS BACK,https://images.genius.com/a52d76dd22add9a72967a8715d52f150.500x500x1.jpg,20461,50121,0.0050568900126422255,https://genius.com/Kid-cudi-never-come-down-lyrics,4,68,Kid Cudi,https://genius.com/artists/Kid-cudi,923081,https://genius.com/albums/Kid-cudi/Cudder-is-back,5
50 Ways to Make a Record,1,211,oh,2008-07-17,A Kid Named Cudi,https://images.genius.com/1a451a8afb940b34adb9ad01bc7527d6.513x513x1.jpg,47881,6247,0.0047169811320754715,https://genius.com/Kid-cudi-50-ways-to-make-a-record-lyrics,0,68,Kid Cudi,https://genius.com/artists/Kid-cudi,4424,https://genius.com/albums/Kid-cudi/A-kid-named-cudi,14
Tree (Ft. Wiz Khalifa),2,433,woah,NA,NA,https://images.genius.com/26da54297be506aeebdbff03306223ad.640x640x1.jpg,10072,50591,0.004597701149425287,https://genius.com/Kid-cudi-tree-lyrics,1,68,Kid Cudi,https://genius.com/artists/Kid-cudi,NA,NA,34
Skit - Jerry Maguire from Cleveland,1,221,yo,2009-04-22,Dat Kid From Cleveland,https://images.genius.com/474116e13af772abd6384cee03c992a6.1000x1000x1.png,NA,182604,0.0045045045045045045,https://genius.com/Kid-cudi-skit-jerry-maguire-from-cleveland-lyrics,1,68,Kid Cudi,https://genius.com/artists/Kid-cudi,19137,https://genius.com/albums/Kid-cudi/Dat-kid-from-cleveland,6
Fade 2 Red,1,221,oh,2015-12-04,Speedin’ Bullet 2 Heaven,https://images.genius.com/b82971c3819d9daa88e4cd61713052a0.1000x1000x1.jpg,22213,2375536,0.0045045045045045045,https://genius.com/Kid-cudi-fade-2-red-lyrics,1,68,Kid Cudi,https://genius.com/artists/Kid-cudi,128397,https://genius.com/albums/Kid-cudi/Speedin-bullet-2-heaven,17
Simple As...,2,448,hmm,2009-09-15,Man on the Moon: The End of Day,https://images.genius.com/23da9eb13af7d717bed8f6bd5da7d419.1000x1000x1.png,120224,3342,0.0044444444444444444,https://genius.com/Kid-cudi-simple-as-lyrics,4,68,Kid Cudi,https://genius.com/artists/Kid-cudi,4427,https://genius.com/albums/Kid-cudi/Man-on-the-moon-the-end-of-day,7
Goodbye,2,473,ahhhh,2016-06-24,NA,https://images.genius.com/9f350116bdcbbe6140e3d63706d893cb.500x500x1.jpg,22135,2673516,0.004210526315789474,https://genius.com/Kid-cudi-goodbye-lyrics,10,68,Kid Cudi,https://genius.com/artists/Kid-cudi,NA,NA,35
Sky High,1,244,hey,2009-04-22,Dat Kid From Cleveland,https://images.genius.com/474116e13af772abd6384cee03c992a6.1000x1000x1.png,6489,81247,0.004081632653061225,https://genius.com/Kid-cudi-sky-high-lyrics,3,68,Kid Cudi,https://genius.com/artists/Kid-cudi,19137,https://genius.com/albums/Kid-cudi/Dat-kid-from-cleveland,7
Enter Galactic (Love Connection Part I),2,491,ay,2009-09-15,Man on the Moon: The End of Day,https://images.genius.com/23da9eb13af7d717bed8f6bd5da7d419.1000x1000x1.png,167069,51716,0.004056795131845842,https://genius.com/Kid-cudi-enter-galactic-love-connection-part-i-lyrics,7,68,Kid Cudi,https://genius.com/artists/Kid-cudi,4427,https://genius.com/albums/Kid-cudi/Man-on-the-moon-the-end-of-day,8
Excuse My Mood,1,246,ah,2009-06-16,NA,https://images.genius.com/26da54297be506aeebdbff03306223ad.640x640x1.jpg,NA,2894773,0.004048582995951417,https://genius.com/Kid-cudi-excuse-my-mood-lyrics,0,68,Kid Cudi,https://genius.com/artists/Kid-cudi,NA,NA,36
JFKPSA,1,250,hey,2015-08-06,NA,https://images.genius.com/a8ea86418a06ce797848a7dd271bee44.500x500x1.jpg,NA,2275993,0.00398406374501992,https://genius.com/Kid-cudi-jfkpsa-lyrics,6,68,Kid Cudi,https://genius.com/artists/Kid-cudi,NA,NA,37
Fairy Tale Remains,1,258,oh,2015-12-04,Speedin’ Bullet 2 Heaven,https://images.genius.com/b82971c3819d9daa88e4cd61713052a0.1000x1000x1.jpg,21746,2375543,0.003861003861003861,https://genius.com/Kid-cudi-fairy-tale-remains-lyrics,1,68,Kid Cudi,https://genius.com/artists/Kid-cudi,128397,https://genius.com/albums/Kid-cudi/Speedin-bullet-2-heaven,18
Up Up & Away,2,524,hey,2009-09-15,Man on the Moon: The End of Day,https://images.genius.com/23da9eb13af7d717bed8f6bd5da7d419.1000x1000x1.png,233184,778,0.0038022813688212928,https://genius.com/Kid-cudi-up-up-and-away-lyrics,13,68,Kid Cudi,https://genius.com/artists/Kid-cudi,4427,https://genius.com/albums/Kid-cudi/Man-on-the-moon-the-end-of-day,9
Pushing Niggas,2,538,nah,NA,Rap Hard,https://images.genius.com/0aab2c3a8fe65902dd9bea31a7460a32.706x706x1.png,NA,240255,0.003703703703703704,https://genius.com/Kid-cudi-pushing-niggas-lyrics,0,68,Kid Cudi,https://genius.com/artists/Kid-cudi,13681,https://genius.com/albums/Kid-cudi/Rap-hard,6
Bigger Than You (Do It Alone),1,299,hey,NA,CUDDER IS BACK,https://images.genius.com/a52d76dd22add9a72967a8715d52f150.500x500x1.jpg,82638,50115,0.0033333333333333335,https://genius.com/Kid-cudi-bigger-than-you-do-it-alone-lyrics,1,68,Kid Cudi,https://genius.com/artists/Kid-cudi,923081,https://genius.com/albums/Kid-cudi/Cudder-is-back,6
Red Sabbath,1,313,oh,2015-12-04,Speedin’ Bullet 2 Heaven,https://images.genius.com/b82971c3819d9daa88e4cd61713052a0.1000x1000x1.jpg,19584,2375545,0.0031847133757961785,https://genius.com/Kid-cudi-red-sabbath-lyrics,2,68,Kid Cudi,https://genius.com/artists/Kid-cudi,128397,https://genius.com/albums/Kid-cudi/Speedin-bullet-2-heaven,19
Can I Be,1,314,huh,2009-04-20,Dat Kid From Cleveland,https://images.genius.com/474116e13af772abd6384cee03c992a6.1000x1000x1.png,NA,145660,0.0031746031746031746,https://genius.com/Kid-cudi-can-i-be-lyrics,2,68,Kid Cudi,https://genius.com/artists/Kid-cudi,19137,https://genius.com/albums/Kid-cudi/Dat-kid-from-cleveland,8
Call Me Moon Man,1,324,oh,NA,CUDDER IS BACK,https://images.genius.com/a52d76dd22add9a72967a8715d52f150.500x500x1.jpg,8316,4926,0.003076923076923077,https://genius.com/Kid-cudi-call-me-moon-man-lyrics,8,68,Kid Cudi,https://genius.com/artists/Kid-cudi,923081,https://genius.com/albums/Kid-cudi/Cudder-is-back,7
I Be High,2,706,hey,NA,NA,https://images.genius.com/26da54297be506aeebdbff03306223ad.640x640x1.jpg,29268,1509148,0.002824858757062147,https://genius.com/Kid-cudi-i-be-high-lyrics,0,68,Kid Cudi,https://genius.com/artists/Kid-cudi,NA,NA,38
"Dennis, Hook Me Up with Some More of That Whiskey!",1,377,ay,2012-04-25,NA,https://images.genius.com/97c862185b920d8a9bd0566ff070e020.500x500x1.jpg,56211,72408,0.0026455026455026454,https://genius.com/Kid-cudi-dennis-hook-me-up-with-some-more-of-that-whiskey-lyrics,7,68,Kid Cudi,https://genius.com/artists/Kid-cudi,NA,NA,39
Spontaneously Combust,2,790,nah,NA,Rap Hard,https://images.genius.com/0aab2c3a8fe65902dd9bea31a7460a32.706x706x1.png,NA,2438323,0.0025252525252525255,https://genius.com/Kid-cudi-spontaneously-combust-lyrics,2,68,Kid Cudi,https://genius.com/artists/Kid-cudi,13681,https://genius.com/albums/Kid-cudi/Rap-hard,7
"Drake Diss, ""Money, Cash, Hoes Needs to be Deaded"" [Arsenio Hall Appearance]",1,402,oh,NA,NA,https://images.genius.com/26da54297be506aeebdbff03306223ad.640x640x1.jpg,NA,383508,0.0024813895781637717,https://genius.com/Kid-cudi-drake-diss-money-cash-hoes-needs-to-be-deaded-arsenio-hall-appearance-annotated,5,68,Kid Cudi,https://genius.com/artists/Kid-cudi,NA,NA,40
Capcom (Ft. Kenna),1,429,ooh,NA,NA,https://images.genius.com/26da54297be506aeebdbff03306223ad.640x640x1.jpg,NA,6180,0.002325581395348837,https://genius.com/Kid-cudi-capcom-lyrics,2,68,Kid Cudi,https://genius.com/artists/Kid-cudi,NA,NA,41
Movie,1,442,oh,NA,NA,https://images.genius.com/26da54297be506aeebdbff03306223ad.640x640x1.jpg,NA,7687501,0.002257336343115124,https://genius.com/Kid-cudi-movie-lyrics,0,68,Kid Cudi,https://genius.com/artists/Kid-cudi,NA,NA,42
Mad Solar,1,445,oh,2013-04-12,Indicud,https://images.genius.com/e6cf8fb555c7d3a3add9bbbabb654891.1000x1000x1.jpg,159143,133895,0.002242152466367713,https://genius.com/Kid-cudi-mad-solar-lyrics,8,68,Kid Cudi,https://genius.com/artists/Kid-cudi,20193,https://genius.com/albums/Kid-cudi/Indicud,10
Is There Any Love? (Ft. Wale),1,487,uh,2008-07-17,A Kid Named Cudi,https://images.genius.com/1a451a8afb940b34adb9ad01bc7527d6.513x513x1.jpg,64204,2086,0.0020491803278688526,https://genius.com/Kid-cudi-is-there-any-love-lyrics,3,68,Kid Cudi,https://genius.com/artists/Kid-cudi,4424,https://genius.com/albums/Kid-cudi/A-kid-named-cudi,15
Daps and Pounds,1,503,oh,2009-04-22,Dat Kid From Cleveland,https://images.genius.com/474116e13af772abd6384cee03c992a6.1000x1000x1.png,14599,4261,0.001984126984126984,https://genius.com/Kid-cudi-daps-and-pounds-lyrics,1,68,Kid Cudi,https://genius.com/artists/Kid-cudi,19137,https://genius.com/albums/Kid-cudi/Dat-kid-from-cleveland,9
Just What I Am (Ft. King Chip),1,516,hm,2012-10-02,Indicud,https://images.genius.com/56dcad99efdaf894b78b8a9cecdf0a55.900x900x1.jpg,1273772,84641,0.0019342359767891683,https://genius.com/Kid-cudi-just-what-i-am-lyrics,19,68,Kid Cudi,https://genius.com/artists/Kid-cudi,20193,https://genius.com/albums/Kid-cudi/Indicud,11
Switching Lanes,1,521,uh,2009-04-22,Dat Kid From Cleveland,https://images.genius.com/474116e13af772abd6384cee03c992a6.1000x1000x1.png,15126,2767,0.0019157088122605363,https://genius.com/Kid-cudi-switching-lanes-lyrics,1,68,Kid Cudi,https://genius.com/artists/Kid-cudi,19137,https://genius.com/albums/Kid-cudi/Dat-kid-from-cleveland,10
Cudi Zone,1,571,nah,2009-09-15,Man on the Moon: The End of Day,https://images.genius.com/23da9eb13af7d717bed8f6bd5da7d419.1000x1000x1.png,274668,1079,0.0017482517482517483,https://genius.com/Kid-cudi-cudi-zone-lyrics,12,68,Kid Cudi,https://genius.com/artists/Kid-cudi,4427,https://genius.com/albums/Kid-cudi/Man-on-the-moon-the-end-of-day,10
Get It In,1,659,oh,NA,NA,https://images.genius.com/26da54297be506aeebdbff03306223ad.640x640x1.jpg,NA,62850,0.0015151515151515152,https://genius.com/Kid-cudi-get-it-in-lyrics,0,68,Kid Cudi,https://genius.com/artists/Kid-cudi,NA,NA,43
Kid Cudi DJ Enuff Freestyle,1,731,hey,NA,NA,https://images.genius.com/26da54297be506aeebdbff03306223ad.640x640x1.jpg,NA,450495,0.001366120218579235,https://genius.com/Kid-cudi-kid-cudi-dj-enuff-freestyle-lyrics,6,68,Kid Cudi,https://genius.com/artists/Kid-cudi,NA,NA,44
Young Lady (Ft. Father John Misty),0,329,NONE,2013-04-12,Indicud,https://images.genius.com/e6cf8fb555c7d3a3add9bbbabb654891.1000x1000x1.jpg,176712,133891,0,https://genius.com/Kid-cudi-young-lady-lyrics,3,68,Kid Cudi,https://genius.com/artists/Kid-cudi,20193,https://genius.com/albums/Kid-cudi/Indicud,12
XX Intro Freestyle,0,2,NONE,2011-12-10,NA,https://images.genius.com/26da54297be506aeebdbff03306223ad.640x640x1.jpg,NA,623713,0,https://genius.com/Kid-cudi-xx-intro-freestyle-lyrics,1,68,Kid Cudi,https://genius.com/artists/Kid-cudi,NA,NA,45
Wild'n Cuz I'm Young,0,573,NONE,2010-11-09,Man on the Moon II: The Legend of Mr. Rager,https://images.genius.com/14137476a886859359839ede660df307.1000x1000x1.jpg,71446,26056,0,https://genius.com/Kid-cudi-wildn-cuz-im-young-lyrics,10,68,Kid Cudi,https://genius.com/artists/Kid-cudi,4428,https://genius.com/albums/Kid-cudi/Man-on-the-moon-ii-the-legend-of-mr-rager,11
Whenever,0,269,NONE,2008-07-17,A Kid Named Cudi,https://images.genius.com/1a451a8afb940b34adb9ad01bc7527d6.513x513x1.jpg,32808,4107,0,https://genius.com/Kid-cudi-whenever-lyrics,2,68,Kid Cudi,https://genius.com/artists/Kid-cudi,4424,https://genius.com/albums/Kid-cudi/A-kid-named-cudi,16
Wedding Tux,0,141,NONE,2015-12-04,Speedin’ Bullet 2 Heaven,https://images.genius.com/b82971c3819d9daa88e4cd61713052a0.1000x1000x1.jpg,41729,2321493,0,https://genius.com/Kid-cudi-wedding-tux-lyrics,2,68,Kid Cudi,https://genius.com/artists/Kid-cudi,128397,https://genius.com/albums/Kid-cudi/Speedin-bullet-2-heaven,20
Wait!,0,100,NONE,2015-12-04,Speedin’ Bullet 2 Heaven,https://images.genius.com/b82971c3819d9daa88e4cd61713052a0.1000x1000x1.jpg,7153,2375552,0,https://genius.com/Kid-cudi-wait-lyrics,0,68,Kid Cudi,https://genius.com/artists/Kid-cudi,128397,https://genius.com/albums/Kid-cudi/Speedin-bullet-2-heaven,21
Troubled Boy,0,178,NONE,2014-02-25,KiD CuDi presents SATELLITE FLIGHT: The journey to Mother Moon,https://images.genius.com/f93aafaafd092a8bb9b2224aea7385f6.670x670x1.jpg,51731,369634,0,https://genius.com/Kid-cudi-troubled-boy-lyrics,6,68,Kid Cudi,https://genius.com/artists/Kid-cudi,67138,https://genius.com/albums/Kid-cudi/Kid-cudi-presents-satellite-flight-the-journey-to-mother-moon,6
Trauma,0,109,NONE,2015-12-04,Speedin’ Bullet 2 Heaven,https://images.genius.com/b82971c3819d9daa88e4cd61713052a0.1000x1000x1.jpg,23522,2375551,0,https://genius.com/Kid-cudi-trauma-lyrics,2,68,Kid Cudi,https://genius.com/artists/Kid-cudi,128397,https://genius.com/albums/Kid-cudi/Speedin-bullet-2-heaven,22
To Da Top,0,533,NONE,NA,NA,https://images.genius.com/26da54297be506aeebdbff03306223ad.640x640x1.jpg,NA,58737,0,https://genius.com/Kid-cudi-to-da-top-lyrics,1,68,Kid Cudi,https://genius.com/artists/Kid-cudi,NA,NA,46
The Resurrection of Scott Mescudi,0,12,NONE,2013-04-12,Indicud,https://images.genius.com/e6cf8fb555c7d3a3add9bbbabb654891.1000x1000x1.jpg,48013,133889,0,https://genius.com/Kid-cudi-the-resurrection-of-scott-mescudi-lyrics,2,68,Kid Cudi,https://genius.com/artists/Kid-cudi,20193,https://genius.com/albums/Kid-cudi/Indicud,13
The Mood,0,239,NONE,2010-11-09,Man on the Moon II: The Legend of Mr. Rager,https://images.genius.com/14137476a886859359839ede660df307.1000x1000x1.jpg,74833,2421,0,https://genius.com/Kid-cudi-the-mood-lyrics,2,68,Kid Cudi,https://genius.com/artists/Kid-cudi,4428,https://genius.com/albums/Kid-cudi/Man-on-the-moon-ii-the-legend-of-mr-rager,12
Super Boo,0,471,NONE,2009-04-22,Dat Kid From Cleveland,https://images.genius.com/474116e13af772abd6384cee03c992a6.1000x1000x1.png,13282,2413,0,https://genius.com/Kid-cudi-super-boo-lyrics,2,68,Kid Cudi,https://genius.com/artists/Kid-cudi,19137,https://genius.com/albums/Kid-cudi/Dat-kid-from-cleveland,11
Stubborn*,0,33,NONE,NA,KC9*,https://images.genius.com/26da54297be506aeebdbff03306223ad.640x640x1.jpg,NA,5412452,0,https://genius.com/Kid-cudi-stubborn-lyrics,1,68,Kid Cudi,https://genius.com/artists/Kid-cudi,819200,https://genius.com/albums/Kid-cudi/Kc9,6
South$ide,0,1,NONE,2018-02-01,NA,https://images.genius.com/6c2f2a144c210e06e136f724136aea8a.1000x1000x1.jpg,NA,6052784,0,https://genius.com/Kid-cudi-south-ide-lyrics,1,68,Kid Cudi,https://genius.com/artists/Kid-cudi,NA,NA,47
Skit 2 (Ft. Melwisky),0,72,NONE,NA,Rap Hard,https://images.genius.com/0aab2c3a8fe65902dd9bea31a7460a32.706x706x1.png,NA,2988836,0,https://genius.com/Kid-cudi-skit-2-lyrics,0,68,Kid Cudi,https://genius.com/artists/Kid-cudi,13681,https://genius.com/albums/Kid-cudi/Rap-hard,8
Silent Fire,0,68,NONE,2015-11-09,Speedin’ Bullet 2 Heaven,https://images.genius.com/b82971c3819d9daa88e4cd61713052a0.1000x1000x1.jpg,6058,2363603,0,https://genius.com/Kid-cudi-silent-fire-annotated,2,68,Kid Cudi,https://genius.com/artists/Kid-cudi,128397,https://genius.com/albums/Kid-cudi/Speedin-bullet-2-heaven,23
Shed A Little Light,0,480,NONE,NA,Rap Hard,https://images.genius.com/0aab2c3a8fe65902dd9bea31a7460a32.706x706x1.png,NA,166491,0,https://genius.com/Kid-cudi-shed-a-little-light-lyrics,1,68,Kid Cudi,https://genius.com/artists/Kid-cudi,13681,https://genius.com/albums/Kid-cudi/Rap-hard,9
Satellite Flight: The Journey to Mother Moon Album Art,0,55,NONE,NA,NA,https://images.genius.com/26da54297be506aeebdbff03306223ad.640x640x1.jpg,12110,369652,0,https://genius.com/Kid-cudi-satellite-flight-the-journey-to-mother-moon-album-art-annotated,3,68,Kid Cudi,https://genius.com/artists/Kid-cudi,NA,NA,48
SATELLITE FLIGHT,0,376,NONE,2013-12-16,KiD CuDi presents SATELLITE FLIGHT: The journey to Mother Moon,https://images.rapgenius.com/39113c8c5219d66bc3d736ede26c291c.600x600x1.jpg,138200,304906,0,https://genius.com/Kid-cudi-satellite-flight-lyrics,10,68,Kid Cudi,https://genius.com/artists/Kid-cudi,67138,https://genius.com/albums/Kid-cudi/Kid-cudi-presents-satellite-flight-the-journey-to-mother-moon,7
Rap Hard (Intro) (Ft. Melwisky),0,111,NONE,NA,Rap Hard,https://images.genius.com/0aab2c3a8fe65902dd9bea31a7460a32.706x706x1.png,NA,2956515,0,https://genius.com/Kid-cudi-rap-hard-intro-lyrics,1,68,Kid Cudi,https://genius.com/artists/Kid-cudi,13681,https://genius.com/albums/Kid-cudi/Rap-hard,10
Rainy Days,0,618,NONE,2011-11-21,NA,https://images.genius.com/26da54297be506aeebdbff03306223ad.640x640x1.jpg,NA,4775396,0,https://genius.com/Kid-cudi-rainy-days-lyrics,1,68,Kid Cudi,https://genius.com/artists/Kid-cudi,NA,NA,49
Rain,0,612,NONE,2011-11-21,NA,https://images.genius.com/26da54297be506aeebdbff03306223ad.640x640x1.jpg,34226,59583,0,https://genius.com/Kid-cudi-rain-lyrics,4,68,Kid Cudi,https://genius.com/artists/Kid-cudi,NA,NA,50
Pimpin',0,412,NONE,NA,Rap Hard,https://images.genius.com/0aab2c3a8fe65902dd9bea31a7460a32.706x706x1.png,NA,61124,0,https://genius.com/Kid-cudi-pimpin-lyrics,0,68,Kid Cudi,https://genius.com/artists/Kid-cudi,13681,https://genius.com/albums/Kid-cudi/Rap-hard,11
No way,0,1,NONE,NA,NA,https://images.genius.com/26da54297be506aeebdbff03306223ad.640x640x1.jpg,NA,6287719,0,https://genius.com/Kid-cudi-no-way-lyrics,0,68,Kid Cudi,https://genius.com/artists/Kid-cudi,NA,NA,51
Mr. K.I.D.,0,417,NONE,NA,NA,https://images.genius.com/26da54297be506aeebdbff03306223ad.640x640x1.jpg,NA,59580,0,https://genius.com/Kid-cudi-mr-kid-lyrics,0,68,Kid Cudi,https://genius.com/artists/Kid-cudi,NA,NA,52
Look Up In Da Stars (Ft. Wale),0,347,NONE,2009-04-22,Dat Kid From Cleveland,https://images.genius.com/474116e13af772abd6384cee03c992a6.1000x1000x1.png,11223,49380,0,https://genius.com/Kid-cudi-look-up-in-da-stars-lyrics,4,68,Kid Cudi,https://genius.com/artists/Kid-cudi,19137,https://genius.com/albums/Kid-cudi/Dat-kid-from-cleveland,12
London Girls,0,256,NONE,NA,NA,https://images.genius.com/26da54297be506aeebdbff03306223ad.640x640x1.jpg,NA,53743,0,https://genius.com/Kid-cudi-london-girls-lyrics,0,68,Kid Cudi,https://genius.com/artists/Kid-cudi,NA,NA,53
King Wizard,0,508,NONE,2012-12-17,Indicud,https://images.genius.com/6f3ec97c0fffdbf7f95c211f33c0f79a.600x600x1.jpg,385392,86939,0,https://genius.com/Kid-cudi-king-wizard-lyrics,2,68,Kid Cudi,https://genius.com/artists/Kid-cudi,20193,https://genius.com/albums/Kid-cudi/Indicud,14
Killtec,0,194,NONE,2021-02-09,NA,https://images.genius.com/26da54297be506aeebdbff03306223ad.640x640x1.jpg,NA,6513470,0,https://genius.com/Kid-cudi-killtec-lyrics,0,68,Kid Cudi,https://genius.com/artists/Kid-cudi,NA,NA,54
Kid Cudi Geneseo Freestyle,0,2,NONE,2012-04-22,NA,https://images.genius.com/26da54297be506aeebdbff03306223ad.640x640x1.jpg,NA,623720,0,https://genius.com/Kid-cudi-kid-cudi-geneseo-freestyle-lyrics,1,68,Kid Cudi,https://genius.com/artists/Kid-cudi,NA,NA,55
Kid Cudi Freestyle - 2009 XXL Freshman,0,288,NONE,2009-01-01,NA,https://images.genius.com/26da54297be506aeebdbff03306223ad.640x640x1.jpg,NA,4655772,0,https://genius.com/Kid-cudi-kid-cudi-freestyle-2009-xxl-freshman-lyrics,0,68,Kid Cudi,https://genius.com/artists/Kid-cudi,NA,NA,56
I Hear Them Calling Me (Ft. Lil B),0,433,NONE,2009-10-01,NA,https://images.genius.com/26da54297be506aeebdbff03306223ad.640x640x1.jpg,NA,7575672,0,https://genius.com/Kid-cudi-i-hear-them-calling-me-lyrics,1,68,Kid Cudi,https://genius.com/artists/Kid-cudi,NA,NA,57
Highs N' Lows,0,707,NONE,2008-07-17,NA,https://images.genius.com/26da54297be506aeebdbff03306223ad.640x640x1.jpg,39846,50991,0,https://genius.com/Kid-cudi-highs-n-lows-lyrics,4,68,Kid Cudi,https://genius.com/artists/Kid-cudi,NA,NA,58
Higher Up,0,216,NONE,2009-04-22,Dat Kid From Cleveland,https://images.genius.com/474116e13af772abd6384cee03c992a6.1000x1000x1.png,16427,59401,0,https://genius.com/Kid-cudi-higher-up-lyrics,0,68,Kid Cudi,https://genius.com/artists/Kid-cudi,19137,https://genius.com/albums/Kid-cudi/Dat-kid-from-cleveland,13
Heart of a Lion (Kid Cudi Theme Music),0,669,NONE,2009-09-15,Man on the Moon: The End of Day,https://images.genius.com/23da9eb13af7d717bed8f6bd5da7d419.1000x1000x1.png,200703,431,0,https://genius.com/Kid-cudi-heart-of-a-lion-kid-cudi-theme-music-lyrics,9,68,Kid Cudi,https://genius.com/artists/Kid-cudi,4427,https://genius.com/albums/Kid-cudi/Man-on-the-moon-the-end-of-day,11
Get Ya Mind Correct,0,836,NONE,NA,Rap Hard,https://images.genius.com/0aab2c3a8fe65902dd9bea31a7460a32.706x706x1.png,NA,2429689,0,https://genius.com/Kid-cudi-get-ya-mind-correct-lyrics,0,68,Kid Cudi,https://genius.com/artists/Kid-cudi,13681,https://genius.com/albums/Kid-cudi/Rap-hard,12
Falling Star,0,152,NONE,NA,NA,https://images.genius.com/26da54297be506aeebdbff03306223ad.640x640x1.jpg,30482,58388,0,https://genius.com/Kid-cudi-falling-star-lyrics,1,68,Kid Cudi,https://genius.com/artists/Kid-cudi,NA,NA,59
Embers,0,209,NONE,2015-12-04,Speedin’ Bullet 2 Heaven,https://images.genius.com/b82971c3819d9daa88e4cd61713052a0.1000x1000x1.jpg,36874,2383403,0,https://genius.com/Kid-cudi-embers-lyrics,6,68,Kid Cudi,https://genius.com/artists/Kid-cudi,128397,https://genius.com/albums/Kid-cudi/Speedin-bullet-2-heaven,24
Elsie’s Baby Boy (flashback),0,275,NONE,2020-12-11,Man on the Moon III: The Chosen,https://images.genius.com/07a3deb92bfe7c78f95add89edc0e5ed.1000x1000x1.png,126812,6250776,0,https://genius.com/Kid-cudi-elsies-baby-boy-flashback-lyrics,7,68,Kid Cudi,https://genius.com/artists/Kid-cudi,692902,https://genius.com/albums/Kid-cudi/Man-on-the-moon-iii-the-chosen,14
Drop (Freestyle),0,380,NONE,NA,NA,https://images.genius.com/26da54297be506aeebdbff03306223ad.640x640x1.jpg,NA,173961,0,https://genius.com/Kid-cudi-drop-freestyle-lyrics,20,68,Kid Cudi,https://genius.com/artists/Kid-cudi,NA,NA,60
"Dat New ""New""",0,607,NONE,2008-12-01,CUDDER IS BACK,https://images.genius.com/ebcb77757c612f25684d71737b331002.600x600x1.jpg,177515,831,0,https://genius.com/Kid-cudi-dat-new-new-lyrics,6,68,Kid Cudi,https://genius.com/artists/Kid-cudi,923081,https://genius.com/albums/Kid-cudi/Cudder-is-back,8
Change (Outro),0,109,NONE,NA,NA,https://images.genius.com/26da54297be506aeebdbff03306223ad.640x640x1.jpg,NA,4311297,0,https://genius.com/Kid-cudi-change-outro-lyrics,1,68,Kid Cudi,https://genius.com/artists/Kid-cudi,NA,NA,61
Arabic,0,245,NONE,NA,NA,https://images.genius.com/26da54297be506aeebdbff03306223ad.640x640x1.jpg,NA,6908643,0,https://genius.com/Kid-cudi-arabic-lyrics,0,68,Kid Cudi,https://genius.com/artists/Kid-cudi,NA,NA,62
Afterwards (Bring Yo Friends) (Ft. King Chip & Michael Bolton),0,403,NONE,2013-04-12,Indicud,https://images.genius.com/e6cf8fb555c7d3a3add9bbbabb654891.1000x1000x1.jpg,50128,133902,0,https://genius.com/Kid-cudi-afterwards-bring-yo-friends-lyrics,3,68,Kid Cudi,https://genius.com/artists/Kid-cudi,20193,https://genius.com/albums/Kid-cudi/Indicud,15
09' Freestyle,0,421,NONE,2009-04-22,Dat Kid From Cleveland,https://images.genius.com/474116e13af772abd6384cee03c992a6.1000x1000x1.png,16494,63119,0,https://genius.com/Kid-cudi-09-freestyle-lyrics,5,68,Kid Cudi,https://genius.com/artists/Kid-cudi,19137,https://genius.com/albums/Kid-cudi/Dat-kid-from-cleveland,14
